0 1
1 2
2 3
3 4
4 0
5 3
5 0
5 4
6 4
6 2
6 3
7 6
7 4
7 0
8 0
8 3
8 6
9 7
9 4
9 5
10 3
10 9
10 7
11 3
11 0
11 7
12 3
12 4
12 11
13 10
13 11
13 7
14 7
14 11
14 6
15 3
15 6
15 11
16 3
16 12
16 6
17 5
17 4
17 8
18 10
18 9
18 7
19 9
19 0
19 3
20 15
20 9
20 6
21 16
21 7
21 5
22 7
22 3
22 2
23 7
23 19
23 5
24 12
24 15
24 0
25 16
25 4
25 3
26 21
26 4
26 25
27 12
27 5
27 16
28 7
28 20
28 12
29 0
29 13
29 6
30 7
30 26
30 12
31 21
31 20
31 3
32 23
32 19
32 11
33 2
33 9
33 15
34 3
34 2
34 33
35 2
35 10
35 6
36 23
36 9
36 5
37 11
37 4
37 1
38 9
38 5
38 1
39 13
39 17
39 20
40 7
40 2
40 12
41 15
41 12
41 6
42 20
42 4
42 18
43 19
43 22
43 27
44 3
44 43
44 2
45 41
45 23
45 16
46 15
46 42
46 20
47 18
47 14
47 5
48 9
48 3
48 6
49 16
49 48
49 12
50 7
50 13
50 42
51 3
51 15
51 50
52 37
52 28
52 23
53 11
53 27
53 12
54 39
54 14
54 28
55 5
55 45
55 19
56 5
56 4
56 33
57 52
57 46
57 3
58 7
58 0
58 47
59 16
59 4
59 3
60 9
60 35
60 55
61 25
61 5
61 51
62 4
62 42
62 3
63 39
63 56
63 8
64 25
64 28
64 34
65 9
65 20
65 0
66 2
66 5
66 56
67 60
67 64
67 19
68 17
68 55
68 54
69 51
69 39
69 8
70 4
70 40
70 32
71 55
71 9
71 10
72 58
72 33
72 40
73 8
73 46
73 25
74 58
74 35
74 56
75 31
75 12
75 22
76 14
76 48
76 56
77 9
77 7
77 12
78 34
78 5
78 19
79 10
79 3
79 15
80 77
80 4
80 37
81 4
81 41
81 8
82 31
82 71
82 67
83 75
83 55
83 4
84 20
84 24
84 60
85 6
85 0
85 80
86 56
86 66
86 7
87 55
87 86
87 12
88 78
88 85
88 7
89 7
89 75
89 3
90 14
90 40
90 28
91 2
91 58
91 0
92 42
92 2
92 78
93 75
93 81
93 9
94 7
94 11
94 3
95 63
95 19
95 46
96 81
96 4
96 3
97 14
97 17
97 8
98 61
98 60
98 4
99 80
99 55
99 20
100 74
100 23
100 27
101 14
101 20
101 30
102 3
102 91
102 65
103 100
103 11
103 90
104 20
104 99
104 7
105 65
105 20
105 30
106 52
106 17
106 61
107 11
107 23
107 9
108 38
108 8
108 34
109 58
109 69
109 81
110 6
110 80
110 21
111 65
111 14
111 105
112 35
112 34
112 7
113 73
113 71
113 83
114 63
114 36
114 28
115 23
115 4
115 30
116 3
116 1
116 15
117 50
117 78
117 46
118 14
118 112
118 33
119 33
119 75
119 9
120 37
120 51
120 20
121 26
121 44
121 25
122 80
122 9
122 43
123 55
123 6
123 58
124 17
124 123
124 0
125 2
125 12
125 9
126 96
126 3
126 65
127 16
127 8
127 30
128 47
128 9
128 90
129 37
129 8
129 56
130 4
130 21
130 126
131 99
131 7
131 55
132 50
132 2
132 8
133 110
133 88
133 123
134 78
134 54
134 3
135 19
135 24
135 117
136 2
136 56
136 71
137 105
137 20
137 17
138 5
138 96
138 17
139 8
139 46
139 31
140 6
140 16
140 47
141 108
141 23
141 28
142 12
142 108
142 11
143 73
143 6
143 68
144 98
144 71
144 20
145 23
145 55
145 11
146 21
146 16
146 47
147 42
147 57
147 29
148 105
148 12
148 75
149 15
149 4
149 90
150 105
150 16
150 110
151 7
151 53
151 68
152 9
152 111
152 6
153 39
153 23
153 20
154 58
154 98
154 20
155 7
155 151
155 44
156 103
156 27
156 23
157 23
157 55
157 47
158 30
158 17
158 3
159 7
159 22
159 122
160 98
160 115
160 66
161 9
161 65
161 88
162 6
162 160
162 7
163 149
163 145
163 23
164 55
164 20
164 9
165 0
165 8
165 129
166 72
166 7
166 56
167 43
167 64
167 25
168 11
168 55
168 58
169 4
169 98
169 72
170 17
170 97
170 27
171 28
171 72
171 145
172 3
172 58
172 67
173 136
173 166
173 158
174 3
174 112
174 39
175 7
175 122
175 108
176 136
176 75
176 30
177 6
177 19
177 97
178 64
178 6
178 177
179 174
179 55
179 4
180 9
180 123
180 110
181 114
181 13
181 170
182 33
182 144
182 7
183 56
183 108
183 131
184 66
184 23
184 28
185 6
185 7
185 4
186 4
186 122
186 12
187 162
187 17
187 43
188 75
188 4
188 3
189 20
189 6
189 72
190 114
190 41
190 173
191 176
191 16
191 88
192 29
192 103
192 80
193 56
193 30
193 125
194 15
194 16
194 185
195 23
195 150
195 43
196 4
196 6
196 68
197 61
197 10
197 7
198 154
198 2
198 28
199 182
199 28
199 58
200 5
200 90
200 43
201 0
201 74
201 45
202 3
202 75
202 115
203 158
203 56
203 170
204 19
204 40
204 74
205 168
205 105
205 20
206 82
206 47
206 18
207 160
207 11
207 204
208 140
208 72
208 40
209 132
209 47
209 114
210 16
210 155
210 25
211 39
211 81
211 66
212 51
212 175
212 9
213 78
213 106
213 7
214 53
214 120
214 88
215 136
215 146
215 49
216 136
216 5
216 75
217 192
217 63
217 7
218 146
218 66
218 10
219 2
219 40
219 163
220 23
220 117
220 26
221 25
221 60
221 3
222 146
222 221
222 17
223 16
223 95
223 3
224 55
224 191
224 203
225 16
225 45
225 54
226 3
226 4
226 201
227 4
227 27
227 105
228 195
228 54
228 177
229 134
229 99
229 206
230 20
230 82
230 98
231 96
231 55
231 112
232 115
232 4
232 48
233 191
233 36
233 11
234 83
234 7
234 230
235 94
235 23
235 55
236 61
236 40
236 80
237 3
237 177
237 7
238 13
238 56
238 158
239 201
239 12
239 212
240 191
240 74
240 186
241 69
241 41
241 75
242 122
242 12
242 114
243 204
243 55
243 6
244 178
244 7
244 148
245 190
245 34
245 189
246 235
246 237
246 212
247 51
247 223
247 57
248 61
248 201
248 8
249 31
249 192
249 14
250 26
250 11
250 153
251 65
251 73
251 132
252 31
252 177
252 55
253 222
253 25
253 238
254 113
254 208
254 27
255 12
255 19
255 217
256 99
256 2
256 249
257 7
257 232
257 132
258 6
258 187
258 43
259 7
259 9
259 212
260 7
260 68
260 217
261 9
261 4
261 217
262 3
262 14
262 223
263 11
263 171
263 60
264 55
264 229
264 257
265 209
265 78
265 9
266 33
266 51
266 112
267 46
267 261
267 75
268 220
268 13
268 249
269 78
269 16
269 47
270 33
270 23
270 185
271 99
271 5
271 14
272 211
272 19
272 13
273 217
273 211
273 11
274 90
274 13
274 35
275 17
275 11
275 172
276 7
276 242
276 216
277 31
277 41
277 205
278 94
278 20
278 9
279 99
279 225
279 173
280 69
280 45
280 6
281 9
281 57
281 11
282 131
282 163
282 115
283 229
283 25
283 17
284 268
284 34
284 55
285 139
285 88
285 97
286 75
286 133
286 40
287 7
287 253
287 37
288 7
288 227
288 239
289 179
289 273
289 175
290 253
290 74
290 40
291 180
291 93
291 3
292 165
292 210
292 42
293 48
293 50
293 88
294 3
294 99
294 57
295 161
295 55
295 45
296 19
296 13
296 41
297 7
297 99
297 72
298 216
298 75
298 55
299 140
299 59
299 72
300 248
300 78
300 50
301 37
301 191
301 69
302 54
302 11
302 4
303 239
303 33
303 54
304 67
304 26
304 105
305 23
305 76
305 283
306 69
306 262
306 277
307 66
307 8
307 9
308 105
308 9
308 148
309 0
309 144
309 38
310 16
310 176
310 217
311 4
311 253
311 265
312 109
312 5
312 69
313 247
313 169
313 201
314 136
314 281
314 46
315 289
315 314
315 16
316 25
316 192
316 5
317 231
317 173
317 3
318 3
318 226
318 6
319 78
319 4
319 12
320 184
320 13
320 81
321 150
321 270
321 35
322 15
322 144
322 178
323 96
323 9
323 298
324 135
324 46
324 69
325 81
325 115
325 106
326 78
326 10
326 256
327 258
327 7
327 300
328 3
328 2
328 57
329 6
329 4
329 45
330 281
330 2
330 20
331 143
331 304
331 2
332 20
332 321
332 74
333 16
333 9
333 314
334 282
334 286
334 12
335 3
335 99
335 123
336 13
336 317
336 15
337 119
337 72
337 184
338 55
338 26
338 143
339 176
339 286
339 23
340 265
340 11
340 66
341 124
341 34
341 33
342 330
342 233
342 184
343 23
343 292
343 78
344 105
344 80
344 332
345 99
345 4
345 317
346 153
346 322
346 20
347 123
347 27
347 185
348 105
348 42
348 78
349 6
349 206
349 135
350 334
350 27
350 69
351 0
351 57
351 245
352 16
352 114
352 225
353 32
353 7
353 105
354 9
354 247
354 207
355 105
355 293
355 2
356 329
356 60
356 72
357 17
357 149
357 30
358 25
358 58
358 124
359 39
359 0
359 353
360 135
360 243
360 12
361 20
361 205
361 255
362 21
362 335
362 281
363 3
363 120
363 65
364 99
364 128
364 13
365 75
365 212
365 48
366 295
366 258
366 41
367 33
367 4
367 0
368 270
368 25
368 125
369 16
369 5
369 19
370 219
370 60
370 362
371 94
371 3
371 57
372 26
372 23
372 66
373 166
373 110
373 49
374 41
374 68
374 78
375 66
375 255
375 137
376 314
376 114
376 7
377 241
377 243
377 125
378 56
378 326
378 9
379 99
379 83
379 255
380 108
380 216
380 359
381 209
381 311
381 78
382 72
382 36
382 147
383 38
383 102
383 328
384 15
384 4
384 363
385 25
385 11
385 146
386 78
386 216
386 36
387 105
387 289
387 10
388 187
388 359
388 216
389 311
389 49
389 256
390 35
390 55
390 219
391 167
391 96
391 27
392 19
392 7
392 209
393 113
393 30
393 3
394 23
394 139
394 142
395 3
395 228
395 48
396 395
396 2
396 378
397 182
397 98
397 384
398 80
398 157
398 212
399 27
399 48
399 381
400 161
400 344
400 103
401 253
401 47
401 178
402 0
402 10
402 16
403 3
403 22
403 42
404 4
404 133
404 332
405 381
405 100
405 192
406 167
406 207
406 102
407 3
407 111
407 16
408 263
408 66
408 58
409 54
409 136
409 138
410 153
410 63
410 81
411 63
411 324
411 102
412 56
412 169
412 29
413 6
413 301
413 331
414 90
414 19
414 285
415 57
415 47
415 256
416 34
416 378
416 9
417 275
417 68
417 407
418 273
418 10
418 20
419 319
419 218
419 7
420 99
420 14
420 173
421 109
421 25
421 35
422 405
422 1
422 66
423 19
423 222
423 237
424 194
424 345
424 12
425 57
425 19
425 3
426 365
426 283
426 225
427 45
427 26
427 395
428 64
428 8
428 406
429 315
429 41
429 369
430 11
430 125
430 228
431 120
431 178
431 408
432 108
432 99
432 369
433 3
433 20
433 173
434 252
434 232
434 155
435 85
435 147
435 376
436 114
436 257
436 65
437 232
437 313
437 58
438 278
438 164
438 23
439 429
439 105
439 7
440 74
440 253
440 77
441 223
441 28
441 7
442 299
442 63
442 99
443 206
443 241
443 15
444 57
444 9
444 20
445 150
445 17
445 140
446 160
446 404
446 15
447 186
447 315
447 416
448 15
448 443
448 14
449 75
449 55
449 357
450 11
450 149
450 23
451 209
451 380
451 9
452 128
452 450
452 232
453 253
453 365
453 73
454 12
454 39
454 161
455 102
455 302
455 145
456 101
456 133
456 5
457 220
457 27
457 166
458 54
458 396
458 75
459 440
459 17
459 25
460 330
460 90
460 12
461 23
461 375
461 203
462 31
462 422
462 403
463 64
463 410
463 9
464 258
464 370
464 372
465 17
465 108
465 71
466 39
466 9
466 11
467 429
467 6
467 26
468 339
468 372
468 26
469 25
469 426
469 417
470 216
470 368
470 195
471 282
471 141
471 148
472 125
472 201
472 58
473 363
473 287
473 0
474 359
474 38
474 184
475 21
475 154
475 293
476 106
476 6
476 13
477 3
477 11
477 176
478 99
478 62
478 20
479 186
479 3
479 28
480 220
480 404
480 44
481 3
481 312
481 78
482 91
482 4
482 163
483 293
483 42
483 105
484 430
484 207
484 3
485 9
485 17
485 298
486 37
486 423
486 5
487 17
487 20
487 9
488 246
488 217
488 5
489 176
489 310
489 131
490 2
490 7
490 28
491 397
491 149
491 489
492 20
492 9
492 0
493 28
493 5
493 423
494 8
494 451
494 100
495 245
495 366
495 395
496 122
496 315
496 237
497 54
497 247
497 153
498 169
498 78
498 24
499 75
499 372
499 278
500 187
500 81
500 470
501 12
501 4
501 48
502 30
502 105
502 90
503 132
503 4
503 244
504 25
504 28
504 158
505 8
505 7
505 123
506 367
506 67
506 34
507 61
507 42
507 98
508 22
508 42
508 422
509 55
509 353
509 78
510 455
510 9
510 139
511 206
511 42
511 372
512 229
512 16
512 323
513 74
513 76
513 208
514 184
514 23
514 180
515 65
515 258
515 479
516 78
516 382
516 301
517 3
517 495
517 26
518 99
518 12
518 27
519 177
519 149
519 10
520 8
520 242
520 159
521 108
521 41
521 122
522 442
522 143
522 16
523 66
523 347
523 259
524 137
524 41
524 78
525 249
525 431
525 482
526 16
526 14
526 268
527 215
527 7
527 141
528 504
528 270
528 209
529 10
529 7
529 255
530 409
530 319
530 66
531 20
531 247
531 7
532 529
532 464
532 386
533 54
533 163
533 20
534 3
534 122
534 505
535 232
535 55
535 495
536 217
536 340
536 385
537 328
537 435
537 420
538 232
538 471
538 210
539 472
539 74
539 77
540 263
540 308
540 180
541 2
541 140
541 98
542 227
542 412
542 82
543 44
543 404
543 285
544 448
544 178
544 206
545 199
545 9
545 264
546 157
546 40
546 7
547 239
547 207
547 376
548 3
548 459
548 49
549 10
549 206
549 292
550 537
550 287
550 271
551 217
551 3
551 37
552 402
552 223
552 548
553 94
553 9
553 80
554 192
554 487
554 186
555 46
555 281
555 8
556 411
556 310
556 277
557 498
557 285
557 69
558 125
558 545
558 417
559 275
559 489
559 224
560 272
560 462
560 34
561 552
561 11
561 402
562 352
562 145
562 88
563 0
563 99
563 161
564 432
564 55
564 226
565 375
565 148
565 425
566 124
566 137
566 368
567 110
567 10
567 3
568 148
568 17
568 18
569 386
569 406
569 33
570 78
570 328
570 42
571 2
571 100
571 9
572 435
572 355
572 265
573 96
573 3
573 259
574 132
574 27
574 196
575 112
575 192
575 450
576 230
576 161
576 11
577 6
577 315
577 115
578 235
578 159
578 98
579 132
579 3
579 229
580 158
580 389
580 391
581 11
581 55
581 129
582 247
582 42
582 22
583 196
583 137
583 352
584 81
584 267
584 55
585 525
585 533
585 190
586 7
586 6
586 462
587 529
587 463
587 14
588 319
588 443
588 307
589 558
589 468
589 54
590 19
590 535
590 496
591 315
591 287
591 23
592 410
592 249
592 468
593 378
593 328
593 249
594 525
594 71
594 450
595 330
595 282
595 165
596 12
596 511
596 185
597 328
597 15
597 90
598 295
598 572
598 396
599 423
599 132
599 12
600 524
600 260
600 404
601 281
601 9
601 359
602 28
602 69
602 470
603 490
603 498
603 595
604 5
604 43
604 301
605 93
605 304
605 548
606 142
606 91
606 276
607 50
607 45
607 112
608 270
608 403
608 384
609 513
609 212
609 23
610 522
610 192
610 72
611 16
611 178
611 249
612 6
612 460
612 114
613 275
613 282
613 328
614 75
614 204
614 2
615 2
615 514
615 395
616 4
616 350
616 548
617 365
617 538
617 75
618 2
618 20
618 463
619 1
619 90
619 176
620 273
620 520
620 17
621 444
621 463
621 2
622 44
622 202
622 180
623 14
623 50
623 32
624 395
624 19
624 318
625 216
625 219
625 411
626 486
626 345
626 32
627 65
627 548
627 40
628 1
628 150
628 217
629 96
629 5
629 15
630 79
630 553
630 386
631 270
631 403
631 552
632 417
632 144
632 21
633 438
633 60
633 109
634 170
634 245
634 220
635 369
635 48
635 91
636 15
636 258
636 83
637 55
637 515
637 555
638 7
638 330
638 573
639 402
639 28
639 506
640 9
640 385
640 20
641 326
641 83
641 543
642 20
642 333
642 4
643 319
643 28
643 595
644 143
644 153
644 635
645 429
645 576
645 123
646 16
646 189
646 550
647 62
647 404
647 614
648 141
648 170
648 12
649 6
649 282
649 558
650 576
650 23
650 405
651 178
651 108
651 187
652 623
652 480
652 276
653 169
653 19
653 258
654 229
654 471
654 541
655 308
655 203
655 405
656 177
656 40
656 500
657 217
657 75
657 16
658 3
658 31
658 119
659 354
659 293
659 420
660 67
660 249
660 199
661 12
661 5
661 301
662 184
662 617
662 622
663 145
663 6
663 49
664 253
664 444
664 229
665 141
665 110
665 185
666 28
666 367
666 602
667 153
667 137
667 97
668 289
668 109
668 547
669 225
669 498
669 424
670 2
670 643
670 105
671 41
671 630
671 40
672 17
672 248
672 160
673 329
673 171
673 476
674 331
674 219
674 333
675 256
675 366
675 423
676 28
676 19
676 131
677 78
677 178
677 96
678 10
678 99
678 143
679 331
679 3
679 245
680 354
680 319
680 348
681 3
681 401
681 327
682 56
682 75
682 367
683 395
683 237
683 12
684 317
684 67
684 236
685 57
685 108
685 566
686 105
686 602
686 111
687 212
687 286
687 59
688 2
688 321
688 455
689 5
689 110
689 641
690 26
690 45
690 431
691 42
691 501
691 384
692 23
692 189
692 203
693 143
693 206
693 632
694 560
694 626
694 261
695 687
695 350
695 680
696 177
696 69
696 201
697 314
697 696
697 7
698 619
698 287
698 206
699 3
699 112
699 130
700 28
700 6
700 3
701 1
701 637
701 471
702 256
702 676
702 42
703 48
703 46
703 7
704 661
704 485
704 50
705 104
705 177
705 69
706 185
706 4
706 20
707 602
707 329
707 190
708 60
708 535
708 668
709 58
709 645
709 511
710 99
710 547
710 696
711 331
711 56
711 273
712 65
712 11
712 32
713 149
713 20
713 65
714 136
714 17
714 144
715 98
715 26
715 14
716 287
716 364
716 20
717 7
717 625
717 189
718 404
718 562
718 251
719 17
719 9
719 24
720 128
720 645
720 300
721 200
721 124
721 75
722 182
722 373
722 62
723 48
723 51
723 174
724 40
724 319
724 241
725 150
725 386
725 405
726 76
726 4
726 42
727 26
727 62
727 207
728 108
728 192
728 0
729 706
729 486
729 254
730 663
730 498
730 191
731 106
731 6
731 206
732 6
732 140
732 27
733 137
733 539
733 337
734 108
734 25
734 4
735 99
735 255
735 3
736 287
736 192
736 534
737 24
737 127
737 204
738 7
738 49
738 96
739 161
739 672
739 635
740 583
740 342
740 251
741 353
741 495
741 378
742 619
742 589
742 485
743 329
743 168
743 708
744 3
744 28
744 348
745 9
745 510
745 67
746 133
746 663
746 184
747 191
747 4
747 125
748 518
748 598
748 670
749 251
749 327
749 113
750 552
750 248
750 68
751 209
751 645
751 97
752 699
752 234
752 514
753 174
753 81
753 170
754 257
754 260
754 434
755 490
755 599
755 7
756 213
756 65
756 23
757 141
757 59
757 489
758 43
758 251
758 518
759 696
759 404
759 221
760 518
760 165
760 755
761 32
761 593
761 400
762 645
762 753
762 20
763 368
763 648
763 54
764 143
764 6
764 201
765 6
765 297
765 742
766 12
766 55
766 60
767 212
767 327
767 307
768 693
768 281
768 233
769 432
769 518
769 328
770 34
770 41
770 281
771 59
771 748
771 429
772 236
772 309
772 72
773 358
773 486
773 128
774 633
774 11
774 632
775 713
775 44
775 216
776 153
776 336
776 551
777 141
777 189
777 187
778 707
778 129
778 20
779 15
779 19
779 7
780 409
780 299
780 6
781 750
781 54
781 105
782 6
782 395
782 23
783 617
783 780
783 2
784 259
784 99
784 289
785 326
785 419
785 249
786 527
786 69
786 331
787 489
787 7
787 13
788 405
788 159
788 185
789 778
789 399
789 63
790 653
790 211
790 603
791 60
791 91
791 182
792 20
792 75
792 281
793 20
793 618
793 334
794 315
794 427
794 253
795 548
795 83
795 309
796 66
796 176
796 96
797 711
797 12
797 187
798 194
798 7
798 41
799 368
799 5
799 24
800 3
800 251
800 85
801 548
801 486
801 90
802 7
802 505
802 223
803 11
803 622
803 600
804 6
804 35
804 129
805 713
805 256
805 276
806 178
806 233
806 32
807 251
807 58
807 50
808 651
808 12
808 691
809 258
809 616
809 792
810 524
810 131
810 258
811 9
811 298
811 56
812 219
812 48
812 656
813 4
813 174
813 30
814 427
814 22
814 220
815 548
815 359
815 749
816 759
816 570
816 388
817 306
817 7
817 632
818 197
818 11
818 97
819 12
819 22
819 17
820 17
820 149
820 83
821 22
821 365
821 43
822 524
822 283
822 99
823 540
823 97
823 158
824 185
824 423
824 324
825 483
825 629
825 20
826 128
826 16
826 84
827 396
827 227
827 6
828 9
828 272
828 694
829 20
829 22
829 251
830 224
830 772
830 692
831 12
831 244
831 502
832 756
832 52
832 132
833 75
833 206
833 6
834 489
834 15
834 7
835 153
835 319
835 707
836 518
836 337
836 208
837 239
837 262
837 230
838 358
838 268
838 65
839 25
839 23
839 287
840 262
840 434
840 7
841 565
841 9
841 578
842 841
842 97
842 131
843 510
843 656
843 233
844 0
844 444
844 406
845 21
845 482
845 357
846 588
846 368
846 52
847 378
847 149
847 720
848 655
848 313
848 61
849 326
849 453
849 220
850 16
850 589
850 282
851 30
851 62
851 300
852 522
852 474
852 110
853 610
853 389
853 15
854 821
854 15
854 206
855 155
855 115
855 468
856 842
856 97
856 281
857 61
857 0
857 852
858 192
858 31
858 412
859 307
859 580
859 87
860 749
860 787
860 25
861 505
861 39
861 255
862 432
862 275
862 285
863 172
863 7
863 365
864 468
864 675
864 560
865 483
865 2
865 233
866 41
866 837
866 696
867 136
867 654
867 460
868 448
868 772
868 863
869 409
869 297
869 376
870 291
870 699
870 276
871 348
871 505
871 247
872 474
872 239
872 310
873 146
873 552
873 4
874 417
874 9
874 848
875 496
875 97
875 39
876 276
876 553
876 17
877 39
877 41
877 491
878 427
878 11
878 448
879 724
879 535
879 635
880 408
880 666
880 726
881 814
881 58
881 18
882 647
882 226
882 636
883 610
883 59
883 378
884 739
884 96
884 254
885 41
885 32
885 16
886 303
886 669
886 878
887 575
887 648
887 191
888 559
888 788
888 12
889 88
889 565
889 641
890 665
890 391
890 869
891 354
891 431
891 155
892 4
892 34
892 404
893 433
893 113
893 67
894 368
894 140
894 236
895 69
895 12
895 74
896 583
896 46
896 62
897 58
897 524
897 495
898 7
898 137
898 573
899 11
899 230
899 363
900 7
900 20
900 756
901 219
901 487
901 2
902 396
902 227
902 817
903 864
903 901
903 35
904 443
904 292
904 766
905 31
905 786
905 697
906 249
906 105
906 276
907 158
907 366
907 21
908 293
908 435
908 273
909 54
909 12
909 390
910 56
910 104
910 145
911 772
911 323
911 7
912 381
912 48
912 619
913 645
913 250
913 9
914 704
914 222
914 37
915 176
915 454
915 776
916 215
916 164
916 895
917 20
917 216
917 204
918 366
918 438
918 146
919 17
919 282
919 384
920 693
920 281
920 4
921 507
921 145
921 909
922 569
922 13
922 696
923 28
923 41
923 116
924 133
924 363
924 456
925 62
925 10
925 6
926 184
926 81
926 339
927 153
927 19
927 524
928 873
928 23
928 69
929 919
929 8
929 286
930 804
930 161
930 56
931 494
931 48
931 212
932 25
932 187
932 33
933 176
933 420
933 304
934 66
934 137
934 209
935 476
935 738
935 11
936 20
936 635
936 306
937 393
937 666
937 804
938 282
938 548
938 18
939 113
939 87
939 886
940 25
940 319
940 12
941 502
941 453
941 4
942 354
942 138
942 23
943 435
943 925
943 273
944 553
944 80
944 642
945 691
945 616
945 2
946 613
946 462
946 17
947 91
947 58
947 405
948 411
948 565
948 34
949 22
949 14
949 320
950 92
950 281
950 427
951 249
951 539
951 10
952 30
952 17
952 833
953 793
953 685
953 706
954 203
954 137
954 943
955 2
955 404
955 24
956 502
956 78
956 618
957 71
957 912
957 332
958 874
958 15
958 12
959 19
959 696
959 68
960 1
960 48
960 317
961 470
961 220
961 247
962 12
962 252
962 54
963 838
963 891
963 20
964 201
964 686
964 42
965 76
965 69
965 143
966 120
966 530
966 133
967 338
967 458
967 638
968 54
968 583
968 4
969 336
969 458
969 9
970 566
970 651
970 342
971 184
971 99
971 309
972 182
972 115
972 6
973 150
973 744
973 82
974 429
974 578
974 208
975 403
975 304
975 550
976 55
976 615
976 69
977 878
977 86
977 589
978 20
978 582
978 782
979 966
979 74
979 57
980 581
980 362
980 333
981 4
981 273
981 505
982 11
982 57
982 12
983 177
983 928
983 558
984 365
984 3
984 23
985 704
985 578
985 7
986 347
986 48
986 74
987 293
987 143
987 362
988 785
988 99
988 20
989 742
989 71
989 9
990 6
990 103
990 249
991 292
991 65
991 978
992 283
992 3
992 186
993 452
993 723
993 691
994 109
994 56
994 368
995 14
995 48
995 783
996 4
996 91
996 452
997 5
997 19
997 289
998 942
998 277
998 376
999 35
999 771
999 686
1000 815
1000 131
1000 69
1001 189
1001 57
1001 75
1002 83
1002 509
1002 445
1003 83
1003 259
1003 47
1004 465
1004 97
1004 57
1005 149
1005 210
1005 213
1006 58
1006 654
1006 135
1007 247
1007 140
1007 124
1008 995
1008 130
1008 10
1009 137
1009 733
1009 635
1010 291
1010 12
1010 733
1011 66
1011 13
1011 996
1012 4
1012 45
1012 329
1013 488
1013 44
1013 39
1014 370
1014 593
1014 18
1015 342
1015 39
1015 272
1016 140
1016 42
1016 203
1017 435
1017 141
1017 695
1018 15
1018 44
1018 841
1019 8
1019 41
1019 247
1020 203
1020 12
1020 9
1021 616
1021 4
1021 863
1022 333
1022 12
1022 15
1023 55
1023 931
1023 307
1024 14
1024 147
1024 463
1025 4
1025 137
1025 19
1026 220
1026 328
1026 255
1027 59
1027 63
1027 7
1028 119
1028 19
1028 6
1029 50
1029 728
1029 12
1030 890
1030 62
1030 28
1031 730
1031 403
1031 308
1032 338
1032 33
1032 109
1033 295
1033 759
1033 3
1034 510
1034 448
1034 266
1035 25
1035 374
1035 368
1036 477
1036 897
1036 520
1037 248
1037 411
1037 609
1038 80
1038 4
1038 466
1039 40
1039 164
1039 75
1040 5
1040 762
1040 965
1041 176
1041 332
1041 103
1042 270
1042 707
1042 264
1043 895
1043 698
1043 216
1044 328
1044 226
1044 589
1045 43
1045 46
1045 1021
1046 832
1046 693
1046 25
1047 16
1047 7
1047 201
1048 518
1048 109
1048 273
1049 765
1049 220
1049 92
1050 969
1050 106
1050 370
1051 226
1051 962
1051 123
1052 897
1052 310
1052 594
1053 141
1053 108
1053 44
1054 700
1054 247
1054 34
1055 149
1055 26
1055 374
1056 282
1056 26
1056 395
1057 149
1057 47
1057 538
1058 412
1058 440
1058 3
1059 713
1059 163
1059 344
1060 441
1060 906
1060 552
1061 423
1061 231
1061 15
1062 546
1062 30
1062 13
1063 938
1063 723
1063 535
1064 203
1064 17
1064 6
1065 246
1065 404
1065 912
1066 696
1066 12
1066 295
1067 3
1067 698
1067 12
1068 445
1068 153
1068 235
1069 733
1069 16
1069 187
1070 1013
1070 787
1070 246
1071 204
1071 403
1071 1050
1072 633
1072 547
1072 223
1073 1059
1073 12
1073 482
1074 6
1074 879
1074 271
1075 370
1075 417
1075 21
1076 41
1076 610
1076 71
1077 345
1077 4
1077 78
1078 376
1078 27
1078 128
1079 287
1079 42
1079 771
1080 92
1080 252
1080 28
1081 685
1081 368
1081 40
1082 69
1082 539
1082 785
1083 597
1083 12
1083 548
1084 280
1084 212
1084 12
1085 615
1085 618
1085 563
1086 247
1086 432
1086 140
1087 958
1087 383
1087 376
1088 12
1088 3
1088 5
1089 32
1089 114
1089 399
1090 224
1090 724
1090 20
1091 298
1091 990
1091 965
1092 69
1092 7
1092 144
1093 219
1093 602
1093 832
1094 423
1094 281
1094 928
1095 168
1095 15
1095 82
1096 229
1096 11
1096 455
1097 131
1097 80
1097 450
1098 829
1098 82
1098 125
1099 0
1099 297
1099 1092
1100 793
1100 78
1100 1092
1101 686
1101 1059
1101 788
1102 551
1102 15
1102 287
1103 771
1103 159
1103 541
1104 471
1104 221
1104 321
1105 4
1105 2
1105 145
1106 0
1106 189
1106 161
1107 224
1107 5
1107 27
1108 508
1108 25
1108 369
1109 444
1109 986
1109 1052
1110 5
1110 454
1110 356
1111 7
1111 295
1111 33
1112 842
1112 245
1112 487
1113 633
1113 3
1113 101
1114 768
1114 979
1114 5
1115 531
1115 7
1115 900
1116 816
1116 308
1116 252
1117 226
1117 217
1117 386
1118 5
1118 590
1118 583
1119 90
1119 8
1119 518
1120 622
1120 706
1120 627
1121 192
1121 48
1121 4
1122 145
1122 54
1122 209
1123 106
1123 333
1123 6
1124 249
1124 924
1124 629
1125 595
1125 911
1125 1095
1126 12
1126 576
1126 58
1127 3
1127 686
1127 80
1128 21
1128 121
1128 875
1129 552
1129 46
1129 829
1130 903
1130 607
1130 386
1131 187
1131 679
1131 30
1132 189
1132 80
1132 306
1133 27
1133 753
1133 1028
1134 258
1134 8
1134 326
1135 235
1135 843
1135 298
1136 304
1136 112
1136 17
1137 1008
1137 294
1137 7
1138 1120
1138 3
1138 533
1139 9
1139 553
1139 46
1140 26
1140 417
1140 165
1141 1054
1141 125
1141 912
1142 447
1142 765
1142 53
1143 23
1143 663
1143 840
1144 12
1144 181
1144 406
1145 358
1145 641
1145 960
1146 228
1146 164
1146 382
1147 1039
1147 1116
1147 403
1148 69
1148 869
1148 524
1149 696
1149 1006
1149 618
1150 919
1150 832
1150 194
1151 559
1151 271
1151 256
1152 572
1152 384
1152 856
1153 780
1153 2
1153 786
1154 1099
1154 105
1154 37
1155 676
1155 5
1155 137
1156 929
1156 142
1156 489
1157 54
1157 663
1157 77
1158 629
1158 392
1158 108
1159 206
1159 251
1159 682
1160 248
1160 608
1160 1060
1161 369
1161 269
1161 568
1162 344
1162 224
1162 14
1163 534
1163 993
1163 25
1164 682
1164 725
1164 45
1165 721
1165 680
1165 833
1166 68
1166 76
1166 693
1167 6
1167 239
1167 789
1168 10
1168 96
1168 618
1169 182
1169 332
1169 113
1170 103
1170 26
1170 445
1171 191
1171 564
1171 439
1172 8
1172 138
1172 31
1173 1062
1173 813
1173 880
1174 132
1174 831
1174 1158
1175 794
1175 2
1175 832
1176 363
1176 746
1176 910
1177 225
1177 522
1177 20
1178 328
1178 552
1178 1050
1179 921
1179 74
1179 115
1180 30
1180 549
1180 90
1181 915
1181 211
1181 292
1182 147
1182 20
1182 493
1183 756
1183 6
1183 105
1184 1047
1184 3
1184 149
1185 228
1185 15
1185 572
1186 459
1186 222
1186 794
1187 47
1187 66
1187 758
1188 4
1188 109
1188 26
1189 4
1189 287
1189 582
1190 289
1190 804
1190 252
1191 54
1191 363
1191 173
1192 743
1192 110
1192 738
1193 391
1193 505
1193 780
1194 602
1194 919
1194 944
1195 43
1195 56
1195 146
1196 810
1196 553
1196 510
1197 753
1197 7
1197 42
1198 7
1198 482
1198 5
1199 593
1199 784
1199 126
1200 40
1200 184
1200 535
1201 3
1201 30
1201 39
1202 443
1202 197
1202 820
1203 182
1203 1029
1203 1183
1204 40
1204 35
1204 217
1205 818
1205 329
1205 192
1206 453
1206 30
1206 99
1207 228
1207 411
1207 4
1208 157
1208 30
1208 1167
1209 381
1209 1174
1209 131
1210 418
1210 240
1210 746
1211 136
1211 71
1211 454
1212 244
1212 1048
1212 533
1213 666
1213 164
1213 143
1214 45
1214 527
1214 204
1215 123
1215 103
1215 105
1216 211
1216 368
1216 65
1217 409
1217 247
1217 861
1218 42
1218 310
1218 58
1219 236
1219 1152
1219 403
1220 606
1220 713
1220 542
1221 3
1221 246
1221 14
1222 13
1222 30
1222 676
1223 515
1223 1116
1223 484
1224 317
1224 212
1224 637
1225 281
1225 5
1225 999
1226 696
1226 333
1226 617
1227 993
1227 3
1227 627
1228 132
1228 249
1228 487
1229 332
1229 12
1229 13
1230 174
1230 176
1230 459
1231 4
1231 691
1231 955
1232 46
1232 206
1232 1060
1233 15
1233 176
1233 4
1234 397
1234 645
1234 306
1235 833
1235 1049
1235 29
1236 115
1236 328
1236 258
1237 910
1237 5
1237 67
1238 4
1238 1228
1238 284
1239 286
1239 805
1239 888
1240 15
1240 204
1240 1174
1241 268
1241 1031
1241 736
1242 125
1242 333
1242 102
1243 390
1243 257
1243 60
1244 413
1244 734
1244 48
1245 309
1245 122
1245 1030
1246 914
1246 217
1246 422
1247 1128
1247 51
1247 638
1248 818
1248 667
1248 10
1249 6
1249 228
1249 1059
1250 682
1250 504
1250 429
1251 703
1251 121
1251 807
1252 1163
1252 273
1252 1056
1253 361
1253 768
1253 703
1254 1007
1254 1121
1254 308
1255 270
1255 212
1255 502
1256 973
1256 111
1256 1205
1257 48
1257 1022
1257 904
1258 207
1258 489
1258 995
1259 671
1259 1049
1259 7
1260 20
1260 123
1260 1034
1261 16
1261 410
1261 408
1262 120
1262 836
1262 64
1263 928
1263 199
1263 46
1264 536
1264 11
1264 557
1265 216
1265 39
1265 308
1266 965
1266 3
1266 563
1267 1186
1267 1135
1267 161
1268 412
1268 1258
1268 141
1269 19
1269 28
1269 12
1270 78
1270 779
1270 470
1271 211
1271 1190
1271 1115
1272 173
1272 25
1272 246
1273 232
1273 245
1273 8
1274 621
1274 1114
1274 624
1275 301
1275 5
1275 394
1276 1093
1276 628
1276 0
1277 8
1277 485
1277 105
1278 8
1278 57
1278 805
1279 17
1279 363
1279 1142
1280 628
1280 244
1280 185
1281 240
1281 25
1281 586
1282 1142
1282 20
1282 92
1283 714
1283 324
1283 63
1284 75
1284 25
1284 897
1285 206
1285 552
1285 1111
1286 326
1286 514
1286 529
1287 453
1287 846
1287 25
1288 882
1288 708
1288 32
1289 902
1289 115
1289 234
1290 83
1290 365
1290 1158
1291 945
1291 50
1291 29
1292 9
1292 261
1292 334
1293 1146
1293 11
1293 901
1294 365
1294 538
1294 12
1295 17
1295 99
1295 907
1296 6
1296 71
1296 61
1297 378
1297 213
1297 114
1298 343
1298 9
1298 316
1299 139
1299 707
1299 865
1300 524
1300 83
1300 124
1301 11
1301 57
1301 63
1302 765
1302 88
1302 831
1303 829
1303 753
1303 1239
1304 20
1304 4
1304 965
1305 434
1305 757
1305 28
1306 3
1306 122
1306 938
1307 287
1307 487
1307 459
1308 417
1308 200
1308 578
1309 566
1309 1121
1309 1131
1310 477
1310 791
1310 978
1311 552
1311 145
1311 256
1312 567
1312 670
1312 915
1313 1055
1313 28
1313 353
1314 19
1314 420
1314 484
1315 1286
1315 473
1315 192
1316 424
1316 1018
1316 204
1317 474
1317 123
1317 365
1318 1211
1318 775
1318 2
1319 445
1319 332
1319 149
1320 839
1320 5
1320 426
1321 1021
1321 74
1321 13
1322 77
1322 12
1322 211
1323 49
1323 61
1323 2
1324 833
1324 3
1324 4
1325 41
1325 944
1325 133
1326 209
1326 969
1326 1050
1327 329
1327 368
1327 439
1328 47
1328 276
1328 733
1329 9
1329 706
1329 1322
1330 382
1330 17
1330 227
1331 528
1331 1144
1331 23
1332 34
1332 748
1332 841
1333 20
1333 1302
1333 131
1334 496
1334 352
1334 665
1335 235
1335 582
1335 496
1336 1323
1336 412
1336 368
1337 297
1337 585
1337 633
1338 1270
1338 560
1338 134
1339 11
1339 496
1339 152
1340 4
1340 419
1340 551
1341 877
1341 353
1341 422
1342 1025
1342 403
1342 206
1343 1078
1343 92
1343 7
1344 98
1344 41
1344 232
1345 122
1345 49
1345 487
1346 12
1346 1062
1346 363
1347 308
1347 331
1347 187
1348 40
1348 178
1348 174
1349 658
1349 255
1349 622
1350 1040
1350 4
1350 502
1351 678
1351 1190
1351 10
1352 449
1352 247
1352 488
1353 905
1353 420
1353 6
1354 847
1354 9
1354 2
1355 906
1355 459
1355 203
1356 17
1356 971
1356 434
1357 582
1357 425
1357 722
1358 218
1358 403
1358 1142
1359 4
1359 576
1359 34
1360 583
1360 424
1360 510
1361 785
1361 296
1361 690
1362 497
1362 80
1362 69
1363 1361
1363 1055
1363 407
1364 3
1364 1154
1364 54
1365 38
1365 366
1365 1225
1366 388
1366 75
1366 1302
1367 1342
1367 7
1367 97
1368 3
1368 613
1368 6
1369 296
1369 1131
1369 4
1370 11
1370 157
1370 75
1371 666
1371 23
1371 168
1372 562
1372 271
1372 1308
1373 884
1373 531
1373 31
1374 1228
1374 1210
1374 250
1375 1286
1375 83
1375 891
1376 515
1376 191
1376 572
1377 326
1377 109
1377 40
1378 767
1378 368
1378 1063
1379 982
1379 403
1379 351
1380 132
1380 238
1380 477
1381 525
1381 62
1381 172
1382 1202
1382 367
1382 34
1383 60
1383 623
1383 155
1384 453
1384 22
1384 4
1385 622
1385 264
1385 69
1386 295
1386 273
1386 39
1387 77
1387 989
1387 820
1388 287
1388 14
1388 753
1389 186
1389 133
1389 547
1390 98
1390 333
1390 1271
1391 1059
1391 566
1391 959
1392 755
1392 20
1392 431
1393 255
1393 26
1393 7
1394 911
1394 217
1394 7
1395 437
1395 808
1395 69
1396 253
1396 919
1396 231
1397 1387
1397 311
1397 194
1398 946
1398 323
1398 1177
1399 458
1399 713
1399 155
1400 95
1400 1190
1400 48
1401 742
1401 7
1401 327
1402 662
1402 1347
1402 1184
1403 55
1403 3
1403 1273
1404 13
1404 1000
1404 36
1405 219
1405 932
1405 3
1406 278
1406 115
1406 352
1407 599
1407 861
1407 1229
1408 58
1408 184
1408 177
1409 616
1409 815
1409 11
1410 38
1410 812
1410 1029
1411 807
1411 1086
1411 938
1412 893
1412 97
1412 353
1413 1323
1413 71
1413 434
1414 245
1414 33
1414 61
1415 429
1415 242
1415 509
1416 670
1416 485
1416 80
1417 138
1417 343
1417 823
1418 1053
1418 990
1418 645
1419 313
1419 607
1419 942
1420 6
1420 7
1420 1028
1421 348
1421 1084
1421 1184
1422 4
1422 587
1422 77
1423 50
1423 1295
1423 1064
1424 77
1424 15
1424 778
1425 120
1425 1377
1425 539
1426 140
1426 998
1426 929
1427 797
1427 361
1427 284
1428 161
1428 160
1428 1366
1429 1333
1429 229
1429 454
1430 223
1430 423
1430 9
1431 742
1431 740
1431 1189
1432 15
1432 447
1432 1256
1433 220
1433 425
1433 704
1434 395
1434 663
1434 1422
1435 478
1435 11
1435 1119
1436 125
1436 129
1436 1331
1437 1128
1437 1196
1437 1253
1438 124
1438 415
1438 404
1439 1017
1439 1029
1439 505
1440 1406
1440 610
1440 1433
1441 331
1441 752
1441 108
1442 841
1442 109
1442 336
1443 59
1443 206
1443 28
1444 18
1444 579
1444 56
1445 207
1445 257
1445 281
1446 1179
1446 352
1446 1054
1447 1101
1447 13
1447 1042
1448 1294
1448 924
1448 28
1449 915
1449 1398
1449 871
1450 973
1450 691
1450 65
1451 708
1451 90
1451 552
1452 36
1452 83
1452 34
1453 207
1453 478
1453 440
1454 704
1454 99
1454 1452
1455 1032
1455 57
1455 348
1456 1131
1456 139
1456 713
1457 331
1457 227
1457 189
1458 829
1458 1288
1458 7
1459 1415
1459 435
1459 1285
1460 588
1460 787
1460 168
1461 923
1461 463
1461 311
1462 1451
1462 1307
1462 1100
1463 924
1463 1205
1463 480
1464 72
1464 272
1464 820
1465 153
1465 1051
1465 2
1466 1416
1466 2
1466 1093
1467 81
1467 17
1467 1177
1468 767
1468 705
1468 663
1469 56
1469 1458
1469 1160
1470 161
1470 882
1470 647
1471 1226
1471 812
1471 110
1472 518
1472 944
1472 884
1473 80
1473 155
1473 431
1474 186
1474 15
1474 305
1475 787
1475 830
1475 1305
1476 1396
1476 1051
1476 5
1477 1183
1477 258
1477 756
1478 149
1478 1402
1478 439
1479 117
1479 1378
1479 28
1480 270
1480 659
1480 456
1481 184
1481 224
1481 7
1482 137
1482 776
1482 655
1483 682
1483 331
1483 1409
1484 217
1484 562
1484 254
1485 11
1485 882
1485 706
1486 5
1486 1003
1486 287
1487 65
1487 85
1487 787
1488 74
1488 446
1488 1371
1489 657
1489 686
1489 42
1490 1424
1490 498
1490 1363
1491 270
1491 82
1491 271
1492 143
1492 1355
1492 185
1493 405
1493 232
1493 12
1494 328
1494 256
1494 444
1495 11
1495 1108
1495 506
1496 238
1496 42
1496 4
1497 2
1497 126
1497 1061
1498 497
1498 531
1498 69
1499 109
1499 2
1499 220
1500 691
1500 1264
1500 681
1501 11
1501 217
1501 1355
1502 704
1502 232
1502 162
1503 593
1503 191
1503 843
1504 515
1504 524
1504 818
1505 86
1505 754
1505 1322
1506 45
1506 3
1506 90
1507 12
1507 949
1507 1247
1508 80
1508 889
1508 31
1509 747
1509 267
1509 56
1510 284
1510 96
1510 782
1511 1106
1511 873
1511 1141
1512 982
1512 1447
1512 606
1513 1271
1513 329
1513 158
1514 54
1514 697
1514 92
1515 489
1515 488
1515 1163
1516 483
1516 606
1516 823
1517 40
1517 468
1517 2
1518 31
1518 90
1518 149
1519 1013
1519 1018
1519 554
1520 7
1520 746
1520 546
1521 751
1521 1437
1521 4
1522 662
1522 914
1522 283
1523 1192
1523 1079
1523 56
1524 1006
1524 211
1524 858
1525 370
1525 214
1525 9
1526 231
1526 1335
1526 1014
1527 74
1527 502
1527 20
1528 34
1528 186
1528 1247
1529 731
1529 1116
1529 252
1530 587
1530 1290
1530 891
1531 23
1531 246
1531 434
1532 1364
1532 170
1532 454
1533 356
1533 480
1533 85
1534 925
1534 1147
1534 1361
1535 61
1535 3
1535 143
1536 50
1536 185
1536 510
1537 1240
1537 127
1537 915
1538 28
1538 1293
1538 211
1539 768
1539 675
1539 315
1540 455
1540 624
1540 49
1541 1446
1541 206
1541 2
1542 333
1542 48
1542 750
1543 264
1543 201
1543 13
1544 296
1544 40
1544 1404
1545 39
1545 248
1545 37
1546 4
1546 434
1546 160
1547 562
1547 1302
1547 610
1548 657
1548 215
1548 275
1549 7
1549 413
1549 759
1550 1116
1550 170
1550 176
1551 90
1551 635
1551 134
1552 964
1552 83
1552 488
1553 1011
1553 694
1553 1355
1554 994
1554 2
1554 76
1555 680
1555 25
1555 230
1556 394
1556 22
1556 105
1557 382
1557 66
1557 149
1558 236
1558 206
1558 208
1559 3
1559 19
1559 32
1560 20
1560 236
1560 670
1561 61
1561 368
1561 474
1562 848
1562 725
1562 689
1563 691
1563 1190
1563 309
1564 9
1564 212
1564 1053
1565 294
1565 496
1565 779
1566 164
1566 991
1566 1085
1567 1366
1567 329
1567 8
1568 470
1568 13
1568 365
1569 490
1569 442
1569 17
1570 28
1570 607
1570 738
1571 1020
1571 285
1571 849
1572 209
1572 1371
1572 1010
1573 417
1573 126
1573 1138
1574 182
1574 1326
1574 533
1575 411
1575 5
1575 518
1576 315
1576 623
1576 437
1577 1567
1577 1437
1577 149
1578 63
1578 55
1578 505
1579 13
1579 1050
1579 367
1580 66
1580 1138
1580 1541
1581 1103
1581 784
1581 261
1582 108
1582 550
1582 33
1583 5
1583 237
1583 212
1584 1289
1584 1283
1584 37
1585 543
1585 211
1585 9
1586 0
1586 16
1586 14
1587 443
1587 3
1587 28
1588 83
1588 323
1588 20
1589 427
1589 3
1589 48
1590 28
1590 1411
1590 7
1591 704
1591 756
1591 6
1592 317
1592 560
1592 731
1593 21
1593 1117
1593 1264
1594 1450
1594 707
1594 1438
1595 12
1595 618
1595 1517
1596 1179
1596 1449
1596 5
1597 376
1597 1297
1597 220
1598 1380
1598 1018
1598 1133
1599 1360
1599 1197
1599 27
1600 497
1600 158
1600 211
1601 920
1601 194
1601 9
1602 307
1602 261
1602 937
1603 579
1603 287
1603 1481
1604 635
1604 1029
1604 9
1605 75
1605 17
1605 189
1606 986
1606 527
1606 344
1607 880
1607 20
1607 173
1608 1480
1608 9
1608 229
1609 7
1609 682
1609 24
1610 239
1610 624
1610 59
1611 47
1611 401
1611 1396
1612 3
1612 59
1612 99
1613 1536
1613 258
1613 245
1614 7
1614 67
1614 203
1615 213
1615 878
1615 49
1616 9
1616 1081
1616 675
1617 222
1617 42
1617 1457
1618 7
1618 28
1618 1436
1619 292
1619 235
1619 332
1620 41
1620 869
1620 7
1621 648
1621 21
1621 9
1622 143
1622 1475
1622 3
1623 124
1623 1414
1623 51
1624 556
1624 155
1624 194
1625 994
1625 59
1625 20
1626 840
1626 201
1626 194
1627 47
1627 418
1627 1177
1628 7
1628 801
1628 311
1629 344
1629 903
1629 443
1630 1419
1630 891
1630 505
1631 598
1631 1
1631 142
1632 417
1632 1338
1632 618
1633 765
1633 3
1633 485
1634 762
1634 60
1634 996
1635 437
1635 9
1635 1174
1636 261
1636 40
1636 97
1637 1005
1637 56
1637 39
1638 201
1638 23
1638 9
1639 1499
1639 131
1639 80
1640 1126
1640 1404
1640 622
1641 7
1641 198
1641 1334
1642 486
1642 935
1642 304
1643 515
1643 3
1643 725
1644 833
1644 20
1644 3
1645 1230
1645 352
1645 548
1646 31
1646 522
1646 75
1647 1438
1647 201
1647 224
1648 1519
1648 133
1648 482
1649 1081
1649 493
1649 7
1650 138
1650 1471
1650 72
1651 20
1651 189
1651 25
1652 1399
1652 1198
1652 1190
1653 742
1653 25
1653 1404
1654 423
1654 597
1654 4
1655 1638
1655 1003
1655 220
1656 1042
1656 438
1656 314
1657 996
1657 23
1657 1369
1658 326
1658 269
1658 729
1659 320
1659 108
1659 932
1660 997
1660 478
1660 378
1661 261
1661 814
1661 269
1662 1469
1662 237
1662 1570
1663 1491
1663 909
1663 469
1664 1184
1664 23
1664 115
1665 319
1665 691
1665 4
1666 1394
1666 467
1666 314
1667 206
1667 185
1667 14
1668 1427
1668 491
1668 7
1669 761
1669 328
1669 240
1670 32
1670 204
1670 30
1671 1010
1671 122
1671 46
1672 55
1672 1131
1672 664
1673 15
1673 968
1673 746
1674 696
1674 582
1674 353
1675 686
1675 1117
1675 112
1676 146
1676 471
1676 277
1677 140
1677 375
1677 394
1678 226
1678 105
1678 52
1679 1594
1679 69
1679 1667
1680 1371
1680 112
1680 71
1681 880
1681 137
1681 809
1682 2
1682 691
1682 56
1683 878
1683 1045
1683 220
1684 12
1684 1018
1684 952
1685 562
1685 946
1685 1573
1686 330
1686 1491
1686 364
1687 1197
1687 1582
1687 1447
1688 20
1688 686
1688 393
1689 1377
1689 516
1689 1286
1690 311
1690 48
1690 416
1691 63
1691 1092
1691 1254
1692 58
1692 69
1692 56
1693 1283
1693 191
1693 674
1694 521
1694 115
1694 4
1695 378
1695 219
1695 536
1696 443
1696 238
1696 1671
1697 955
1697 74
1697 331
1698 1525
1698 1263
1698 1017
1699 1527
1699 350
1699 20
1700 309
1700 3
1700 18
1701 270
1701 1515
1701 127
1702 37
1702 22
1702 218
1703 1599
1703 1161
1703 463
1704 26
1704 535
1704 277
1705 589
1705 509
1705 322
1706 1114
1706 1415
1706 212
1707 196
1707 454
1707 1017
1708 217
1708 1266
1708 296
1709 133
1709 909
1709 643
1710 493
1710 784
1710 3
1711 1121
1711 439
1711 1289
1712 14
1712 326
1712 1445
1713 1047
1713 814
1713 690
1714 310
1714 1005
1714 319
1715 1301
1715 40
1715 28
1716 113
1716 9
1716 1193
1717 28
1717 1665
1717 130
1718 147
1718 900
1718 99
1719 1653
1719 1483
1719 969
1720 4
1720 1032
1720 1213
1721 1011
1721 821
1721 391
1722 259
1722 1385
1722 1263
1723 995
1723 17
1723 30
1724 105
1724 81
1724 990
1725 1056
1725 459
1725 220
1726 1623
1726 1187
1726 240
1727 4
1727 15
1727 8
1728 174
1728 462
1728 1143
1729 515
1729 427
1729 1174
1730 494
1730 31
1730 902
1731 161
1731 421
1731 87
1732 7
1732 15
1732 1446
1733 412
1733 1062
1733 945
1734 6
1734 34
1734 159
1735 786
1735 4
1735 1628
1736 1368
1736 406
1736 884
1737 209
1737 6
1737 192
1738 243
1738 1074
1738 257
1739 706
1739 475
1739 111
1740 12
1740 8
1740 342
1741 162
1741 685
1741 443
1742 1007
1742 31
1742 50
1743 910
1743 1114
1743 397
1744 1120
1744 56
1744 1514
1745 416
1745 1100
1745 884
1746 807
1746 1203
1746 176
1747 216
1747 1370
1747 113
1748 1721
1748 1189
1748 1492
1749 158
1749 1208
1749 664
1750 129
1750 7
1750 245
1751 1517
1751 115
1751 149
1752 54
1752 491
1752 394
1753 636
1753 210
1753 426
1754 0
1754 1661
1754 509
1755 270
1755 1332
1755 1558
1756 98
1756 57
1756 803
1757 578
1757 696
1757 13
1758 463
1758 6
1758 905
1759 63
1759 1373
1759 1466
1760 329
1760 12
1760 207
1761 105
1761 805
1761 407
1762 28
1762 1187
1762 747
1763 1041
1763 14
1763 1085
1764 932
1764 707
1764 482
1765 353
1765 1360
1765 1597
1766 57
1766 996
1766 1517
1767 89
1767 1414
1767 924
1768 699
1768 1594
1768 1700
1769 444
1769 527
1769 1339
1770 128
1770 6
1770 43
1771 30
1771 164
1771 120
1772 818
1772 1371
1772 185
1773 56
1773 205
1773 744
1774 208
1774 1319
1774 31
1775 1093
1775 90
1775 329
1776 133
1776 1560
1776 149
1777 478
1777 20
1777 1050
1778 271
1778 676
1778 1264
1779 1406
1779 1191
1779 107
1780 589
1780 935
1780 17
1781 1762
1781 12
1781 92
1782 465
1782 630
1782 80
1783 236
1783 144
1783 1661
1784 1083
1784 38
1784 1744
1785 192
1785 101
1785 652
1786 1489
1786 1529
1786 192
1787 1366
1787 1303
1787 1483
1788 1330
1788 307
1788 1508
1789 1095
1789 168
1789 143
1790 1308
1790 934
1790 56
1791 2
1791 57
1791 28
1792 423
1792 1203
1792 368
1793 1562
1793 248
1793 395
1794 57
1794 125
1794 1607
1795 56
1795 696
1795 275
1796 2
1796 75
1796 538
1797 420
1797 6
1797 4
1798 1771
1798 353
1798 128
1799 1211
1799 9
1799 366
1800 1201
1800 706
1800 340
1801 655
1801 624
1801 192
1802 322
1802 101
1802 83
1803 744
1803 283
1803 225
1804 201
1804 989
1804 5
1805 75
1805 1453
1805 628
1806 137
1806 12
1806 63
1807 797
1807 662
1807 984
1808 1315
1808 340
1808 1326
1809 176
1809 1211
1809 1258
1810 604
1810 66
1810 109
1811 25
1811 77
1811 9
1812 153
1812 33
1812 1049
1813 114
1813 164
1813 63
1814 77
1814 147
1814 265
1815 1726
1815 158
1815 97
1816 381
1816 426
1816 2
1817 435
1817 706
1817 329
1818 196
1818 1005
1818 185
1819 1322
1819 1214
1819 206
1820 397
1820 50
1820 6
1821 1124
1821 39
1821 97
1822 30
1822 185
1822 417
1823 508
1823 1121
1823 707
1824 284
1824 473
1824 622
1825 948
1825 1469
1825 1560
1826 308
1826 1129
1826 666
1827 1005
1827 23
1827 746
1828 865
1828 1497
1828 1582
1829 50
1829 1543
1829 1456
1830 306
1830 30
1830 229
1831 97
1831 1734
1831 1786
1832 362
1832 749
1832 1442
1833 1579
1833 326
1833 706
1834 67
1834 784
1834 811
1835 353
1835 174
1835 1424
1836 67
1836 477
1836 66
1837 42
1837 184
1837 7
1838 165
1838 1749
1838 429
1839 107
1839 41
1839 1599
1840 12
1840 231
1840 1196
1841 55
1841 949
1841 1699
1842 1387
1842 1131
1842 697
1843 318
1843 57
1843 472
1844 1299
1844 1351
1844 1592
1845 1259
1845 300
1845 249
1846 45
1846 277
1846 314
1847 233
1847 23
1847 24
1848 1460
1848 75
1848 130
1849 917
1849 767
1849 785
1850 236
1850 1155
1850 27
1851 1438
1851 102
1851 1485
1852 291
1852 180
1852 658
1853 540
1853 146
1853 1363
1854 1726
1854 787
1854 1094
1855 15
1855 1256
1855 477
1856 0
1856 610
1856 505
1857 777
1857 1341
1857 277
1858 5
1858 133
1858 1436
1859 1189
1859 236
1859 756
1860 4
1860 25
1860 600
1861 645
1861 1473
1861 804
1862 394
1862 1222
1862 442
1863 28
1863 849
1863 288
1864 9
1864 1774
1864 1234
1865 409
1865 267
1865 46
1866 97
1866 1234
1866 929
1867 192
1867 669
1867 1717
1868 868
1868 1815
1868 177
1869 344
1869 466
1869 896
1870 801
1870 55
1870 1128
1871 125
1871 915
1871 368
1872 463
1872 682
1872 390
1873 1322
1873 70
1873 896
1874 258
1874 635
1874 1469
1875 1644
1875 1674
1875 696
1876 136
1876 62
1876 911
1877 462
1877 280
1877 12
1878 248
1878 40
1878 361
1879 544
1879 80
1879 276
1880 691
1880 188
1880 1287
1881 220
1881 2
1881 317
1882 418
1882 113
1882 115
1883 839
1883 583
1883 954
1884 1843
1884 639
1884 910
1885 429
1885 26
1885 566
1886 589
1886 1814
1886 3
1887 1080
1887 381
1887 911
1888 403
1888 1717
1888 1064
1889 93
1889 997
1889 704
1890 265
1890 949
1890 167
1891 1792
1891 1672
1891 784
1892 176
1892 608
1892 1058
1893 998
1893 1533
1893 290
1894 1315
1894 30
1894 1477
1895 1170
1895 328
1895 130
1896 365
1896 354
1896 49
1897 69
1897 207
1897 298
1898 16
1898 258
1898 467
1899 1394
1899 583
1899 975
1900 1243
1900 87
1900 1642
1901 949
1901 264
1901 515
1902 402
1902 304
1902 4
1903 1445
1903 694
1903 282
1904 196
1904 397
1904 402
1905 158
1905 1366
1905 99
1906 26
1906 628
1906 585
1907 1807
1907 1655
1907 296
1908 815
1908 265
1908 1899
1909 0
1909 1742
1909 375
1910 78
1910 99
1910 482
1911 137
1911 1771
1911 61
1912 749
1912 383
1912 12
1913 451
1913 315
1913 274
1914 562
1914 1472
1914 1770
1915 1412
1915 1469
1915 108
1916 1486
1916 131
1916 659
1917 544
1917 91
1917 1386
1918 1287
1918 379
1918 99
1919 1826
1919 548
1919 284
1920 39
1920 137
1920 19
1921 4
1921 507
1921 82
1922 497
1922 262
1922 1283
1923 1469
1923 404
1923 552
1924 201
1924 372
1924 1027
1925 15
1925 3
1925 255
1926 909
1926 397
1926 1825
1927 209
1927 470
1927 875
1928 25
1928 1539
1928 285
1929 11
1929 335
1929 1620
1930 23
1930 0
1930 520
1931 901
1931 588
1931 510
1932 1121
1932 1405
1932 1423
1933 572
1933 113
1933 1756
1934 6
1934 1531
1934 20
1935 1832
1935 749
1935 359
1936 145
1936 78
1936 1894
1937 56
1937 1887
1937 635
1938 1282
1938 278
1938 514
1939 1519
1939 245
1939 30
1940 1654
1940 3
1940 125
1941 445
1941 82
1941 1646
1942 256
1942 376
1942 56
1943 1445
1943 278
1943 411
1944 176
1944 488
1944 311
1945 691
1945 754
1945 1825
1946 378
1946 699
1946 1201
1947 359
1947 1558
1947 253
1948 310
1948 161
1948 129
1949 1004
1949 552
1949 2
1950 1262
1950 1273
1950 367
1951 1611
1951 1196
1951 1311
1952 1477
1952 20
1952 986
1953 333
1953 98
1953 130
1954 657
1954 182
1954 1736
1955 1405
1955 1293
1955 1384
1956 869
1956 539
1956 1138
1957 1014
1957 279
1957 852
1958 1474
1958 1378
1958 224
1959 1110
1959 62
1959 273
1960 420
1960 210
1960 1128
1961 69
1961 224
1961 395
1962 173
1962 1485
1962 166
1963 48
1963 276
1963 257
1964 588
1964 734
1964 1341
1965 1027
1965 952
1965 460
1966 682
1966 66
1966 12
1967 714
1967 404
1967 1431
1968 869
1968 97
1968 1240
1969 1775
1969 1431
1969 4
1970 1078
1970 466
1970 286
1971 566
1971 211
1971 117
1972 27
1972 1226
1972 773
1973 1573
1973 367
1973 1220
1974 522
1974 59
1974 1582
1975 1612
1975 270
1975 310
1976 236
1976 68
1976 1562
1977 699
1977 556
1977 989
1978 83
1978 391
1978 886
1979 1237
1979 267
1979 1410
1980 1615
1980 1079
1980 35
1981 235
1981 1517
1981 1759
1982 1628
1982 158
1982 191
1983 563
1983 435
1983 4
1984 1125
1984 589
1984 219
1985 90
1985 458
1985 511
1986 0
1986 1348
1986 305
1987 1737
1987 5
1987 207
1988 1865
1988 901
1988 860
1989 1326
1989 1815
1989 408
1990 417
1990 1236
1990 54
1991 595
1991 544
1991 87
1992 1427
1992 60
1992 1310
1993 623
1993 155
1993 66
1994 1214
1994 1361
1994 1391
1995 19
1995 148
1995 44
1996 5
1996 1009
1996 501
1997 962
1997 696
1997 1562
1998 217
1998 1930
1998 1122
1999 162
1999 641
1999 1174
2000 267
2000 78
2000 104
2001 430
2001 869
2001 379
2002 12
2002 1920
2002 28
2003 1798
2003 573
2003 1457
2004 1758
2004 1161
2004 37
2005 1930
2005 46
2005 31
2006 4
2006 1067
2006 47
2007 678
2007 1485
2007 827
2008 43
2008 35
2008 1362
2009 897
2009 1701
2009 497
2010 72
2010 7
2010 1142
2011 199
2011 722
2011 184
2012 284
2012 355
2012 219
2013 207
2013 544
2013 869
2014 1045
2014 1027
2014 146
2015 127
2015 68
2015 880
2016 264
2016 500
2016 725
2017 122
2017 698
2017 496
2018 72
2018 987
2018 1076
2019 426
2019 668
2019 481
2020 1620
2020 17
2020 1050
2021 270
2021 96
2021 9
2022 1357
2022 686
2022 139
2023 11
2023 1443
2023 744
2024 1959
2024 1109
2024 6
2025 1399
2025 212
2025 324
2026 39
2026 645
2026 1105
2027 1895
2027 1003
2027 123
2028 503
2028 696
2028 78
2029 23
2029 1826
2029 1667
2030 1771
2030 783
2030 637
2031 54
2031 1138
2031 335
2032 841
2032 206
2032 1212
2033 151
2033 394
2033 308
2034 1167
2034 488
2034 418
2035 1612
2035 560
2035 622
2036 524
2036 553
2036 480
2037 1388
2037 2026
2037 1777
2038 8
2038 1029
2038 327
2039 1458
2039 1750
2039 16
2040 1326
2040 1175
2040 167
2041 293
2041 653
2041 67
2042 201
2042 412
2042 512
2043 427
2043 921
2043 286
2044 931
2044 635
2044 373
2045 470
2045 1469
2045 1256
2046 1252
2046 321
2046 662
2047 378
2047 1914
2047 1760
2048 245
2048 333
2048 752
2049 743
2049 23
2049 968
2050 1868
2050 510
2050 23
2051 3
2051 322
2051 115
2052 1196
2052 1955
2052 125
2053 145
2053 125
2053 895
2054 131
2054 1391
2054 1275
2055 18
2055 487
2055 1845
2056 571
2056 445
2056 1973
2057 1056
2057 1887
2057 42
2058 1537
2058 1132
2058 1867
2059 2
2059 182
2059 2006
2060 63
2060 1454
2060 797
2061 137
2061 931
2061 819
2062 75
2062 56
2062 38
2063 817
2063 209
2063 1066
2064 33
2064 114
2064 1912
2065 27
2065 920
2065 509
2066 1719
2066 1808
2066 6
2067 71
2067 1048
2067 350
2068 434
2068 40
2068 321
2069 504
2069 39
2069 1845
2070 346
2070 890
2070 122
2071 624
2071 1266
2071 696
2072 1098
2072 1222
2072 4
2073 1562
2073 1451
2073 2038
2074 1344
2074 1984
2074 1473
2075 6
2075 52
2075 1574
2076 65
2076 49
2076 248
2077 131
2077 124
2077 99
2078 253
2078 1749
2078 91
2079 3
2079 1319
2079 704
2080 1212
2080 614
2080 1047
2081 18
2081 978
2081 1115
2082 1485
2082 869
2082 6
2083 1305
2083 1066
2083 708
2084 2
2084 1577
2084 968
2085 1117
2085 1442
2085 1870
2086 108
2086 132
2086 61
2087 1035
2087 740
2087 153
2088 191
2088 587
2088 1034
2089 132
2089 4
2089 534
2090 164
2090 1095
2090 115
2091 12
2091 1451
2091 31
2092 859
2092 1594
2092 1037
2093 30
2093 336
2093 1917
2094 1839
2094 443
2094 1054
2095 67
2095 111
2095 31
2096 565
2096 1086
2096 1715
2097 42
2097 203
2097 581
2098 60
2098 55
2098 639
2099 20
2099 1736
2099 143
2100 93
2100 981
2100 1062
2101 185
2101 20
2101 282
2102 7
2102 1065
2102 339
2103 348
2103 30
2103 121
2104 150
2104 1579
2104 943
2105 220
2105 509
2105 790
2106 1726
2106 99
2106 124
2107 189
2107 1308
2107 330
2108 52
2108 1006
2108 1335
2109 1267
2109 1754
2109 359
2110 1798
2110 1059
2110 9
2111 1500
2111 1637
2111 614
2112 1558
2112 636
2112 229
2113 6
2113 696
2113 630
2114 1706
2114 357
2114 150
2115 1917
2115 41
2115 1325
2116 77
2116 65
2116 818
2117 1553
2117 1114
2117 1074
2118 696
2118 352
2118 1241
2119 5
2119 50
2119 1820
2120 682
2120 1719
2120 1
2121 553
2121 955
2121 1085
2122 1081
2122 550
2122 1263
2123 103
2123 600
2123 1065
2124 403
2124 651
2124 34
2125 714
2125 1249
2125 1005
2126 13
2126 486
2126 1174
2127 417
2127 13
2127 131
2128 894
2128 220
2128 572
2129 647
2129 1146
2129 80
2130 212
2130 188
2130 865
2131 249
2131 56
2131 19
2132 1159
2132 493
2132 83
2133 1126
2133 140
2133 30
2134 211
2134 1515
2134 1681
2135 66
2135 1810
2135 450
2136 1128
2136 334
2136 1262
2137 106
2137 986
2137 11
2138 31
2138 2025
2138 685
2139 505
2139 138
2139 670
2140 1480
2140 326
2140 1968
2141 594
2141 185
2141 4
2142 368
2142 309
2142 3
2143 1120
2143 55
2143 282
2144 115
2144 1858
2144 437
2145 1686
2145 344
2145 1681
2146 128
2146 170
2146 73
2147 13
2147 344
2147 377
2148 80
2148 90
2148 248
2149 859
2149 1716
2149 80
2150 1256
2150 123
2150 80
2151 56
2151 898
2151 57
2152 4
2152 217
2152 158
2153 1581
2153 490
2153 1029
2154 844
2154 494
2154 282
2155 552
2155 191
2155 1418
2156 9
2156 8
2156 1267
2157 227
2157 2069
2157 174
2158 1195
2158 778
2158 923
2159 110
2159 1591
2159 2
2160 226
2160 1319
2160 1078
2161 1735
2161 1388
2161 1013
2162 1205
2162 862
2162 9
2163 888
2163 112
2163 19
2164 1914
2164 2128
2164 1321
2165 350
2165 167
2165 1326
2166 2012
2166 797
2166 2024
2167 1408
2167 31
2167 205
2168 381
2168 1732
2168 1968
2169 12
2169 82
2169 11
2170 1783
2170 1155
2170 57
2171 547
2171 2131
2171 1277
2172 355
2172 1083
2172 926
2173 1478
2173 34
2173 61
2174 20
2174 574
2174 32
2175 29
2175 273
2175 256
2176 325
2176 888
2176 2
2177 1499
2177 154
2177 695
2178 57
2178 507
2178 314
2179 57
2179 145
2179 105
2180 67
2180 1347
2180 231
2181 9
2181 398
2181 188
2182 1490
2182 559
2182 67
2183 41
2183 1192
2183 14
2184 247
2184 1329
2184 666
2185 832
2185 1507
2185 629
2186 1499
2186 720
2186 191
2187 1893
2187 192
2187 744
2188 547
2188 332
2188 1653
2189 1449
2189 44
2189 77
2190 685
2190 707
2190 185
2191 245
2191 17
2191 1186
2192 1323
2192 1404
2192 56
2193 796
2193 185
2193 1536
2194 217
2194 288
2194 328
2195 1590
2195 1984
2195 1443
2196 1907
2196 9
2196 284
2197 367
2197 343
2197 370
2198 27
2198 340
2198 236
2199 794
2199 818
2199 986
2200 17
2200 1560
2200 1988
2201 99
2201 417
2201 56
2202 313
2202 686
2202 1078
2203 345
2203 882
2203 668
2204 2022
2204 9
2204 1151
2205 973
2205 200
2205 1314
2206 245
2206 163
2206 889
2207 1433
2207 365
2207 37
2208 843
2208 353
2208 1716
2209 1172
2209 768
2209 488
2210 1357
2210 1253
2210 1907
2211 28
2211 2175
2211 396
2212 21
2212 4
2212 223
2213 1979
2213 786
2213 150
2214 4
2214 108
2214 448
2215 1371
2215 105
2215 4
2216 609
2216 502
2216 1132
2217 809
2217 43
2217 1365
2218 1205
2218 212
2218 271
2219 331
2219 1942
2219 1360
2220 63
2220 809
2220 366
2221 121
2221 238
2221 1507
2222 1612
2222 1266
2222 708
2223 358
2223 140
2223 699
2224 20
2224 216
2224 8
2225 1463
2225 317
2225 438
2226 1128
2226 170
2226 430
2227 78
2227 676
2227 114
2228 18
2228 83
2228 17
2229 607
2229 2033
2229 1453
2230 402
2230 264
2230 411
2231 54
2231 174
2231 161
2232 83
2232 48
2232 99
2233 1051
2233 1054
2233 762
2234 906
2234 529
2234 527
2235 1673
2235 463
2235 1831
2236 682
2236 0
2236 1317
2237 128
2237 16
2237 632
2238 252
2238 110
2238 353
2239 14
2239 2048
2239 201
2240 1469
2240 2227
2240 709
2241 1600
2241 1499
2241 1485
2242 1386
2242 975
2242 456
2243 12
2243 454
2243 1508
2244 123
2244 1193
2244 76
2245 99
2245 1062
2245 779
2246 67
2246 697
2246 453
2247 219
2247 925
2247 440
2248 1482
2248 374
2248 1854
2249 1167
2249 1564
2249 397
2250 98
2250 301
2250 47
2251 123
2251 540
2251 99
2252 1444
2252 412
2252 41
2253 1625
2253 386
2253 25
2254 1602
2254 1478
2254 127
2255 42
2255 1501
2255 2010
2256 7
2256 50
2256 1146
2257 378
2257 381
2257 1165
2258 152
2258 273
2258 131
2259 1009
2259 17
2259 905
2260 17
2260 1048
2260 503
2261 1425
2261 7
2261 3
2262 573
2262 882
2262 2
2263 1119
2263 368
2263 69
2264 1031
2264 3
2264 293
2265 1277
2265 184
2265 48
2266 250
2266 25
2266 4
2267 1787
2267 1190
2267 854
2268 939
2268 130
2268 505
2269 12
2269 768
2269 41
2270 395
2270 921
2270 787
2271 535
2271 1401
2271 960
2272 57
2272 161
2272 20
2273 75
2273 21
2273 699
2274 697
2274 12
2274 345
2275 920
2275 30
2275 455
2276 1404
2276 858
2276 1478
2277 736
2277 1334
2277 402
2278 703
2278 787
2278 426
2279 969
2279 1242
2279 1751
2280 1092
2280 765
2280 920
2281 938
2281 65
2281 1054
2282 2223
2282 1245
2282 330
2283 772
2283 1287
2283 2
2284 293
2284 860
2284 314
2285 358
2285 2108
2285 197
2286 1223
2286 2132
2286 85
2287 1507
2287 228
2287 686
2288 14
2288 13
2288 321
2289 504
2289 694
2289 163
2290 34
2290 22
2290 23
2291 293
2291 1911
2291 204
2292 696
2292 553
2292 3
2293 1703
2293 75
2293 326
2294 96
2294 504
2294 72
2295 548
2295 737
2295 1338
2296 1782
2296 747
2296 408
2297 1200
2297 26
2297 535
2298 1989
2298 610
2298 1384
2299 67
2299 17
2299 701
2300 1318
2300 514
2300 350
2301 0
2301 2141
2301 418
2302 282
2302 1353
2302 27
2303 524
2303 145
2303 1136
2304 319
2304 1871
2304 1097
2305 1280
2305 2138
2305 1863
2306 622
2306 99
2306 539
2307 2123
2307 699
2307 1954
2308 1697
2308 298
2308 676
2309 63
2309 461
2309 1288
2310 256
2310 494
2310 827
2311 227
2311 1987
2311 552
2312 1449
2312 1421
2312 2044
2313 176
2313 5
2313 1496
2314 57
2314 1884
2314 1467
2315 1347
2315 2
2315 880
2316 276
2316 1585
2316 1772
2317 2076
2317 932
2317 332
2318 1291
2318 1018
2318 7
2319 12
2319 1104
2319 968
2320 1031
2320 122
2320 783
2321 843
2321 105
2321 258
2322 65
2322 1867
2322 2295
2323 1012
2323 2252
2323 138
2324 2
2324 1962
2324 216
2325 622
2325 1076
2325 372
2326 1274
2326 4
2326 208
2327 78
2327 351
2327 469
2328 1842
2328 401
2328 4
2329 170
2329 1023
2329 55
2330 221
2330 261
2330 1324
2331 286
2331 2178
2331 72
2332 233
2332 3
2332 71
2333 188
2333 2081
2333 753
2334 1980
2334 738
2334 418
2335 1719
2335 842
2335 739
2336 1124
2336 570
2336 621
2337 1404
2337 2275
2337 2030
2338 671
2338 901
2338 1994
2339 793
2339 1979
2339 187
2340 429
2340 960
2340 780
2341 1014
2341 105
2341 111
2342 508
2342 342
2342 1560
2343 762
2343 1832
2343 1942
2344 1054
2344 185
2344 1967
2345 558
2345 737
2345 54
2346 2012
2346 1159
2346 807
2347 1953
2347 438
2347 995
2348 96
2348 148
2348 19
2349 34
2349 41
2349 807
2350 1187
2350 2253
2350 4
2351 463
2351 87
2351 1515
2352 1059
2352 243
2352 663
2353 1709
2353 31
2353 403
2354 463
2354 105
2354 48
2355 174
2355 259
2355 75
2356 514
2356 252
2356 1756
2357 1267
2357 66
2357 376
2358 386
2358 322
2358 609
2359 54
2359 709
2359 0
2360 65
2360 572
2360 486
2361 10
2361 687
2361 278
2362 1590
2362 406
2362 1428
2363 129
2363 2075
2363 943
2364 4
2364 1373
2364 1774
2365 897
2365 372
2365 1117
2366 385
2366 30
2366 1479
2367 201
2367 143
2367 2140
2368 1579
2368 212
2368 789
2369 1782
2369 552
2369 76
2370 2151
2370 1054
2370 597
2371 1757
2371 548
2371 1766
2372 458
2372 13
2372 1363
2373 344
2373 1368
2373 1619
2374 19
2374 1792
2374 1069
2375 1968
2375 1177
2375 1353
2376 985
2376 1528
2376 11
2377 1804
2377 2345
2377 66
2378 920
2378 389
2378 1262
2379 516
2379 1773
2379 1065
2380 1380
2380 77
2380 1006
2381 31
2381 16
2381 1799
2382 2118
2382 6
2382 209
2383 751
2383 47
2383 988
2384 969
2384 1623
2384 23
2385 25
2385 1220
2385 1340
2386 203
2386 40
2386 123
2387 415
2387 1527
2387 841
2388 2182
2388 1754
2388 1655
2389 17
2389 537
2389 20
2390 1497
2390 1301
2390 426
2391 468
2391 54
2391 368
2392 324
2392 49
2392 1696
2393 138
2393 2120
2393 127
2394 1760
2394 539
2394 18
2395 322
2395 16
2395 1742
2396 1290
2396 31
2396 375
2397 1524
2397 64
2397 2274
2398 420
2398 1133
2398 0
2399 57
2399 711
2399 49
2400 6
2400 1094
2400 398
2401 153
2401 590
2401 1512
2402 2274
2402 1900
2402 1652
2403 971
2403 746
2403 963
2404 251
2404 516
2404 381
2405 434
2405 185
2405 1237
2406 193
2406 987
2406 249
2407 1067
2407 1421
2407 516
2408 553
2408 185
2408 787
2409 1230
2409 23
2409 201
2410 69
2410 246
2410 782
2411 47
2411 65
2411 323
2412 492
2412 1301
2412 1840
2413 818
2413 685
2413 487
2414 1270
2414 7
2414 1590
2415 2196
2415 49
2415 177
2416 924
2416 1128
2416 4
2417 178
2417 1007
2417 796
2418 2303
2418 740
2418 225
2419 155
2419 30
2419 48
2420 444
2420 347
2420 1060
2421 330
2421 550
2421 1503
2422 1895
2422 208
2422 1710
2423 384
2423 1921
2423 1818
2424 2200
2424 4
2424 413
2425 20
2425 49
2425 54
2426 348
2426 34
2426 1447
2427 68
2427 302
2427 470
2428 180
2428 865
2428 704
2429 1404
2429 1872
2429 478
2430 1289
2430 161
2430 1721
2431 386
2431 4
2431 11
2432 2033
2432 1182
2432 344
2433 576
2433 4
2433 273
2434 1401
2434 707
2434 124
2435 563
2435 3
2435 2043
2436 1693
2436 0
2436 2417
2437 2293
2437 366
2437 2425
2438 877
2438 1466
2438 447
2439 31
2439 42
2439 41
2440 1270
2440 698
2440 1067
2441 2102
2441 443
2441 1594
2442 282
2442 543
2442 397
2443 1297
2443 1854
2443 1799
2444 366
2444 657
2444 17
2445 328
2445 1344
2445 1066
2446 2065
2446 1496
2446 363
2447 1663
2447 3
2447 2132
2448 1076
2448 1066
2448 29
2449 447
2449 178
2449 60
2450 227
2450 2
2450 1330
2451 98
2451 899
2451 655
2452 2025
2452 11
2452 1137
2453 105
2453 28
2453 488
2454 67
2454 733
2454 2240
2455 1140
2455 232
2455 1719
2456 289
2456 1140
2456 108
2457 968
2457 57
2457 583
2458 810
2458 544
2458 30
2459 1497
2459 941
2459 557
2460 281
2460 326
2460 1653
2461 207
2461 1618
2461 51
2462 71
2462 1996
2462 1064
2463 1211
2463 615
2463 209
2464 65
2464 1569
2464 2391
2465 311
2465 1059
2465 136
2466 1528
2466 2024
2466 2
2467 1866
2467 505
2467 691
2468 2348
2468 723
2468 1915
2469 1554
2469 2124
2469 1960
2470 93
2470 16
2470 1463
2471 906
2471 1965
2471 2060
2472 604
2472 1452
2472 158
2473 1092
2473 1581
2473 655
2474 1365
2474 599
2474 1908
2475 2349
2475 1973
2475 333
2476 552
2476 2286
2476 2094
2477 9
2477 344
2477 1436
2478 2187
2478 1227
2478 527
2479 544
2479 26
2479 264
2480 573
2480 757
2480 540
2481 1782
2481 2
2481 406
2482 633
2482 3
2482 122
2483 384
2483 1451
2483 1693
2484 256
2484 1367
2484 1386
2485 1226
2485 1118
2485 378
2486 271
2486 1146
2486 1045
2487 1166
2487 895
2487 8
2488 2124
2488 622
2488 222
2489 2227
2489 30
2489 372
2490 741
2490 1226
2490 572
2491 797
2491 53
2491 1609
2492 35
2492 1866
2492 158
2493 6
2493 468
2493 78
2494 1507
2494 520
2494 805
2495 100
2495 788
2495 1394
2496 30
2496 446
2496 1400
2497 1819
2497 704
2497 1716
2498 2467
2498 583
2498 2337
2499 1712
2499 820
2499 911
2500 1670
2500 1548
2500 305
2501 1360
2501 682
2501 918
2502 506
2502 579
2502 2358
2503 78
2503 1567
2503 655
2504 1031
2504 2125
2504 2478
2505 1639
2505 1796
2505 169
2506 1859
2506 2200
2506 2115
2507 177
2507 2066
2507 1247
2508 17
2508 1293
2508 955
2509 2492
2509 66
2509 485
2510 1118
2510 570
2510 178
2511 505
2511 1432
2511 1979
2512 444
2512 430
2512 1090
2513 8
2513 296
2513 2314
2514 310
2514 1756
2514 2309
2515 439
2515 140
2515 1212
2516 72
2516 330
2516 192
2517 1274
2517 2333
2517 492
2518 256
2518 1876
2518 2093
2519 7
2519 1967
2519 39
2520 552
2520 742
2520 706
2521 12
2521 1663
2521 713
2522 9
2522 1121
2522 5
2523 994
2523 1129
2523 266
2524 2008
2524 15
2524 1681
2525 1507
2525 1590
2525 33
2526 2128
2526 48
2526 1911
2527 1512
2527 1196
2527 296
2528 1716
2528 477
2528 480
2529 1731
2529 80
2529 28
2530 3
2530 315
2530 463
2531 1251
2531 1968
2531 429
2532 2297
2532 1637
2532 625
2533 1602
2533 814
2533 1155
2534 1606
2534 97
2534 480
2535 777
2535 1665
2535 381
2536 283
2536 991
2536 26
2537 1292
2537 890
2537 236
2538 1568
2538 507
2538 2253
2539 452
2539 1953
2539 811
2540 1758
2540 105
2540 1068
2541 1560
2541 80
2541 56
2542 1006
2542 1849
2542 47
2543 317
2543 224
2543 1591
2544 75
2544 388
2544 2253
2545 920
2545 96
2545 9
2546 74
2546 98
2546 1029
2547 4
2547 18
2547 609
2548 34
2548 753
2548 2406
2549 760
2549 141
2549 416
2550 479
2550 2277
2550 724
2551 140
2551 1591
2551 1807
2552 44
2552 2527
2552 1094
2553 1449
2553 408
2553 403
2554 2227
2554 1005
2554 888
2555 282
2555 99
2555 2205
2556 832
2556 124
2556 61
2557 1585
2557 138
2557 1267
2558 1308
2558 2124
2558 1843
2559 2469
2559 315
2559 2002
2560 938
2560 443
2560 280
2561 109
2561 1093
2561 1973
2562 11
2562 1361
2562 23
2563 206
2563 1440
2563 2120
2564 556
2564 804
2564 964
2565 1940
2565 315
2565 1034
2566 524
2566 943
2566 1443
2567 31
2567 1345
2567 326
2568 2425
2568 1771
2568 1495
2569 212
2569 3
2569 780
2570 1193
2570 1517
2570 47
2571 488
2571 20
2571 2395
2572 1103
2572 1284
2572 1581
2573 2325
2573 105
2573 1410
2574 1465
2574 30
2574 99
2575 28
2575 171
2575 125
2576 39
2576 411
2576 1786
2577 78
2577 1633
2577 2359
2578 127
2578 403
2578 212
2579 937
2579 267
2579 374
2580 277
2580 110
2580 1066
2581 1452
2581 787
2581 1844
2582 2394
2582 2499
2582 39
2583 2101
2583 2317
2583 524
2584 954
2584 1346
2584 345
2585 1034
2585 78
2585 1585
2586 0
2586 96
2586 654
2587 48
2587 225
2587 508
2588 1025
2588 1667
2588 3
2589 2206
2589 2335
2589 747
2590 1096
2590 105
2590 1300
2591 2156
2591 201
2591 686
2592 986
2592 1895
2592 141
2593 108
2593 920
2593 69
2594 338
2594 11
2594 180
2595 1351
2595 363
2595 1823
2596 15
2596 187
2596 1808
2597 1773
2597 1123
2597 898
2598 7
2598 595
2598 20
2599 342
2599 173
2599 998
2600 98
2600 143
2600 13
2601 5
2601 140
2601 257
2602 1387
2602 1499
2602 2198
2603 376
2603 54
2603 455
2604 1232
2604 204
2604 1347
2605 14
2605 20
2605 296
2606 420
2606 450
2606 1211
2607 417
2607 8
2607 2033
2608 2241
2608 548
2608 608
2609 48
2609 157
2609 2265
2610 1657
2610 330
2610 137
2611 461
2611 1018
2611 27
2612 826
2612 446
2612 207
2613 2470
2613 842
2613 307
2614 8
2614 698
2614 88
2615 483
2615 41
2615 1519
2616 1107
2616 2481
2616 237
2617 1240
2617 174
2617 31
2618 27
2618 1740
2618 11
2619 905
2619 1766
2619 177
2620 2229
2620 1070
2620 1522
2621 1248
2621 2313
2621 2345
2622 986
2622 6
2622 848
2623 1036
2623 1158
2623 989
2624 698
2624 899
2624 1657
2625 541
2625 5
2625 153
2626 735
2626 66
2626 311
2627 802
2627 45
2627 2348
2628 552
2628 31
2628 1596
2629 424
2629 1435
2629 199
2630 1440
2630 368
2630 282
2631 2181
2631 225
2631 910
2632 2054
2632 63
2632 1622
2633 256
2633 19
2633 290
2634 25
2634 337
2634 401
2635 2255
2635 162
2635 48
2636 919
2636 75
2636 78
2637 2169
2637 682
2637 370
2638 417
2638 16
2638 1155
2639 17
2639 281
2639 2518
2640 16
2640 2008
2640 293
2641 81
2641 1068
2641 443
2642 58
2642 71
2642 443
2643 2123
2643 952
2643 2437
2644 374
2644 9
2644 482
2645 98
2645 434
2645 1314
2646 787
2646 145
2646 987
2647 566
2647 224
2647 702
2648 88
2648 366
2648 2163
2649 20
2649 1267
2649 63
2650 1854
2650 1397
2650 268
2651 890
2651 14
2651 2352
2652 1843
2652 283
2652 1482
2653 822
2653 236
2653 1083
2654 1873
2654 17
2654 510
2655 2247
2655 2189
2655 1448
2656 2040
2656 155
2656 120
2657 2018
2657 2362
2657 747
2658 1142
2658 466
2658 22
2659 639
2659 255
2659 143
2660 1826
2660 541
2660 6
2661 170
2661 2404
2661 2121
2662 1723
2662 2573
2662 41
2663 1494
2663 561
2663 216
2664 331
2664 6
2664 1132
2665 353
2665 105
2665 2264
2666 1777
2666 416
2666 2
2667 2486
2667 2664
2667 1781
2668 130
2668 1719
2668 2251
2669 685
2669 1409
2669 1749
2670 2439
2670 2445
2670 220
2671 707
2671 1152
2671 231
2672 2549
2672 728
2672 269
2673 639
2673 1480
2673 478
2674 696
2674 331
2674 6
2675 1697
2675 378
2675 455
2676 938
2676 184
2676 1112
2677 23
2677 2234
2677 153
2678 779
2678 342
2678 286
2679 133
2679 1147
2679 2326
2680 1606
2680 90
2680 2178
2681 335
2681 918
2681 1223
2682 56
2682 1094
2682 1092
2683 1808
2683 785
2683 403
2684 9
2684 343
2684 779
2685 246
2685 907
2685 2468
2686 1256
2686 1
2686 1900
2687 34
2687 580
2687 2103
2688 486
2688 2067
2688 4
2689 192
2689 152
2689 1051
2690 1521
2690 508
2690 2189
2691 67
2691 20
2691 1149
2692 240
2692 2297
2692 429
2693 2187
2693 509
2693 1558
2694 287
2694 931
2694 548
2695 125
2695 547
2695 148
2696 2329
2696 13
2696 4
2697 12
2697 1071
2697 149
2698 344
2698 1143
2698 137
2699 112
2699 1450
2699 201
2700 648
2700 2528
2700 2467
2701 2398
2701 892
2701 939
2702 1428
2702 267
2702 2519
2703 1927
2703 477
2703 2400
2704 34
2704 352
2704 757
2705 1060
2705 75
2705 445
2706 1432
2706 2549
2706 1386
2707 706
2707 115
2707 1074
2708 99
2708 2241
2708 225
2709 131
2709 1772
2709 235
2710 1924
2710 191
2710 1340
2711 6
2711 992
2711 39
2712 1491
2712 2192
2712 3
2713 1463
2713 1125
2713 696
2714 930
2714 65
2714 1816
2715 96
2715 137
2715 334
2716 156
2716 1493
2716 17
2717 821
2717 552
2717 132
2718 698
2718 929
2718 1235
2719 741
2719 1418
2719 153
2720 1387
2720 2611
2720 1537
2721 877
2721 903
2721 943
2722 2090
2722 771
2722 2464
2723 605
2723 250
2723 1017
2724 2275
2724 757
2724 1171
2725 98
2725 175
2725 1634
2726 846
2726 291
2726 1839
2727 654
2727 1936
2727 1646
2728 1191
2728 2349
2728 3
2729 328
2729 2464
2729 1211
2730 1677
2730 1762
2730 535
2731 17
2731 372
2731 882
2732 65
2732 599
2732 1852
2733 831
2733 16
2733 673
2734 1498
2734 1870
2734 1757
2735 691
2735 242
2735 1044
2736 560
2736 382
2736 2275
2737 2328
2737 2734
2737 1001
2738 1443
2738 573
2738 1620
2739 206
2739 921
2739 1661
2740 2528
2740 1052
2740 2699
2741 2459
2741 2476
2741 1198
2742 163
2742 698
2742 99
2743 1909
2743 510
2743 1716
2744 44
2744 1259
2744 163
2745 335
2745 129
2745 41
2746 1575
2746 305
2746 1192
2747 176
2747 6
2747 757
2748 3
2748 655
2748 2425
2749 1881
2749 1801
2749 1458
2750 55
2750 510
2750 2701
2751 1214
2751 1592
2751 964
2752 103
2752 1998
2752 217
2753 15
2753 3
2753 2018
2754 287
2754 208
2754 922
2755 1945
2755 28
2755 682
2756 1379
2756 28
2756 667
2757 708
2757 751
2757 7
2758 2726
2758 403
2758 2056
2759 2480
2759 156
2759 756
2760 1634
2760 580
2760 317
2761 2394
2761 33
2761 1394
2762 109
2762 2573
2762 98
2763 556
2763 2414
2763 2022
2764 60
2764 356
2764 174
2765 639
2765 2061
2765 1659
2766 1183
2766 657
2766 17
2767 31
2767 66
2767 326
2768 897
2768 1047
2768 681
2769 470
2769 289
2769 861
2770 1785
2770 2621
2770 2108
2771 1481
2771 2099
2771 760
2772 2279
2772 537
2772 1128
2773 241
2773 1255
2773 761
2774 141
2774 2303
2774 610
2775 326
2775 147
2775 227
2776 1429
2776 398
2776 1293
2777 474
2777 856
2777 2175
2778 5
2778 669
2778 861
2779 1584
2779 1748
2779 507
2780 9
2780 2215
2780 1265
2781 88
2781 1416
2781 992
2782 2001
2782 1938
2782 626
2783 55
2783 463
2783 746
2784 140
2784 1458
2784 19
2785 381
2785 315
2785 2307
2786 2740
2786 2277
2786 655
2787 3
2787 1562
2787 2057
2788 2270
2788 220
2788 1197
2789 15
2789 24
2789 224
2790 1791
2790 42
2790 415
2791 1918
2791 1494
2791 347
2792 1886
2792 58
2792 2650
2793 128
2793 943
2793 321
2794 987
2794 2216
2794 655
2795 129
2795 402
2795 63
2796 2060
2796 1810
2796 73
2797 2729
2797 193
2797 74
2798 2101
2798 1905
2798 1010
2799 28
2799 6
2799 67
2800 369
2800 474
2800 28
2801 934
2801 25
2801 1617
2802 1195
2802 2499
2802 537
2803 445
2803 82
2803 2045
2804 215
2804 22
2804 334
2805 477
2805 11
2805 504
2806 372
2806 4
2806 2210
2807 1472
2807 1397
2807 69
2808 204
2808 2509
2808 1449
2809 1591
2809 121
2809 1645
2810 124
2810 857
2810 2734
2811 18
2811 2033
2811 1110
2812 186
2812 1080
2812 1529
2813 2374
2813 168
2813 3
2814 635
2814 124
2814 82
2815 78
2815 485
2815 1918
2816 945
2816 2357
2816 2371
2817 329
2817 938
2817 154
2818 1992
2818 1054
2818 59
2819 787
2819 991
2819 2
2820 2076
2820 72
2820 950
2821 2179
2821 569
2821 1713
2822 2153
2822 164
2822 1428
2823 1581
2823 2167
2823 2769
2824 1871
2824 1042
2824 1002
2825 1508
2825 1168
2825 1931
2826 278
2826 1897
2826 1815
2827 93
2827 614
2827 1326
2828 2011
2828 1756
2828 1174
2829 0
2829 2744
2829 903
2830 468
2830 1126
2830 7
2831 12
2831 1187
2831 2094
2832 634
2832 547
2832 1230
2833 320
2833 645
2833 92
2834 146
2834 20
2834 1291
2835 176
2835 1870
2835 408
2836 1422
2836 2315
2836 869
2837 7
2837 2792
2837 626
2838 391
2838 98
2838 554
2839 1485
2839 367
2839 89
2840 241
2840 11
2840 449
2841 722
2841 0
2841 854
2842 2374
2842 622
2842 670
2843 1002
2843 2295
2843 645
2844 2186
2844 696
2844 1457
2845 884
2845 11
2845 2746
2846 264
2846 2476
2846 696
2847 877
2847 1351
2847 1391
2848 1227
2848 815
2848 4
2849 89
2849 552
2849 164
2850 241
2850 2240
2850 360
2851 66
2851 220
2851 868
2852 1222
2852 537
2852 130
2853 252
2853 2359
2853 2626
2854 1016
2854 1574
2854 1938
2855 100
2855 452
2855 158
2856 5
2856 2258
2856 854
2857 164
2857 781
2857 608
2858 150
2858 359
2858 458
2859 408
2859 897
2859 826
2860 353
2860 423
2860 552
2861 32
2861 1451
2861 60
2862 911
2862 1327
2862 2522
2863 583
2863 289
2863 2723
2864 2138
2864 1115
2864 207
2865 1850
2865 1046
2865 1307
2866 615
2866 380
2866 469
2867 2736
2867 1574
2867 207
2868 99
2868 1667
2868 1915
2869 483
2869 2773
2869 225
2870 1987
2870 815
2870 280
2871 2701
2871 1756
2871 229
2872 180
2872 2401
2872 1855
2873 725
2873 1438
2873 217
2874 1263
2874 116
2874 783
2875 2807
2875 1283
2875 1018
2876 65
2876 1612
2876 8
2877 191
2877 235
2877 351
2878 594
2878 37
2878 713
2879 2638
2879 696
2879 15
2880 494
2880 2377
2880 336
2881 2810
2881 1266
2881 256
2882 662
2882 2
2882 2783
2883 778
2883 2600
2883 910
2884 407
2884 3
2884 2102
2885 254
2885 99
2885 17
2886 1346
2886 621
2886 1345
2887 63
2887 2070
2887 246
2888 99
2888 1407
2888 1207
2889 1277
2889 437
2889 1453
2890 35
2890 820
2890 2359
2891 687
2891 744
2891 339
2892 795
2892 16
2892 23
2893 7
2893 423
2893 1124
2894 128
2894 2701
2894 145
2895 885
2895 1770
2895 971
2896 1187
2896 2046
2896 192
2897 1340
2897 587
2897 50
2898 2108
2898 1006
2898 13
2899 299
2899 1132
2899 806
2900 359
2900 1473
2900 536
2901 20
2901 105
2901 2313
2902 2162
2902 933
2902 1749
2903 1524
2903 1005
2903 1127
2904 3
2904 28
2904 648
2905 2242
2905 2710
2905 1504
2906 522
2906 396
2906 273
2907 2051
2907 12
2907 935
2908 6
2908 860
2908 329
2909 254
2909 378
2909 1672
2910 628
2910 19
2910 849
2911 203
2911 129
2911 2244
2912 115
2912 1057
2912 891
2913 8
2913 505
2913 1059
2914 228
2914 351
2914 510
2915 204
2915 623
2915 2132
2916 184
2916 43
2916 113
2917 2099
2917 2777
2917 635
2918 23
2918 65
2918 2060
2919 896
2919 576
2919 454
2920 217
2920 155
2920 501
2921 208
2921 1953
2921 503
2922 1410
2922 1060
2922 396
2923 1133
2923 1378
2923 290
2924 66
2924 1940
2924 2792
2925 6
2925 2437
2925 2604
2926 27
2926 648
2926 2712
2927 252
2927 27
2927 1651
2928 60
2928 40
2928 216
2929 567
2929 938
2929 855
2930 2513
2930 771
2930 165
2931 2618
2931 204
2931 7
2932 122
2932 30
2932 296
2933 23
2933 1234
2933 232
2934 830
2934 58
2934 634
2935 2079
2935 1564
2935 37
2936 2691
2936 17
2936 256
2937 1873
2937 9
2937 915
2938 264
2938 287
2938 2296
2939 3
2939 2598
2939 94
2940 1196
2940 1078
2940 69
2941 1865
2941 1
2941 7
2942 1639
2942 93
2942 608
2943 1756
2943 2891
2943 407
2944 2280
2944 323
2944 39
2945 612
2945 74
2945 704
2946 209
2946 301
2946 2060
2947 7
2947 572
2947 1343
2948 790
2948 333
2948 188
2949 461
2949 733
2949 1027
2950 287
2950 1994
2950 705
2951 1942
2951 112
2951 3
2952 1731
2952 99
2952 5
2953 58
2953 65
2953 14
2954 20
2954 206
2954 200
2955 128
2955 1023
2955 1329
2956 543
2956 1023
2956 2650
2957 192
2957 2634
2957 595
2958 78
2958 1911
2958 105
2959 167
2959 56
2959 910
2960 1558
2960 2219
2960 148
2961 12
2961 113
2961 2455
2962 20
2962 943
2962 515
2963 184
2963 2172
2963 99
2964 2314
2964 1961
2964 1435
2965 459
2965 1802
2965 2424
2966 2163
2966 1430
2966 389
2967 209
2967 123
2967 1828
2968 217
2968 249
2968 80
2969 2548
2969 861
2969 949
2970 8
2970 2809
2970 990
2971 1826
2971 989
2971 838
2972 27
2972 93
2972 1017
2973 42
2973 1176
2973 801
2974 1155
2974 193
2974 2288
2975 2703
2975 7
2975 2180
2976 409
2976 283
2976 1029
2977 368
2977 7
2977 2370
2978 76
2978 367
2978 943
2979 1466
2979 440
2979 11
2980 1490
2980 22
2980 2241
2981 402
2981 245
2981 217
2982 185
2982 961
2982 131
2983 1462
2983 1514
2983 122
2984 1186
2984 104
2984 164
2985 28
2985 1560
2985 466
2986 332
2986 2354
2986 1287
2987 259
2987 136
2987 187
2988 794
2988 1152
2988 1479
2989 1719
2989 104
2989 2211
2990 736
2990 1957
2990 5
2991 1187
2991 17
2991 1027
2992 436
2992 450
2992 207
2993 588
2993 287
2993 30
2994 565
2994 5
2994 137
2995 945
2995 41
2995 127
2996 186
2996 78
2996 426
2997 1925
2997 5
2997 182
2998 925
2998 700
2998 331
2999 8
2999 1028
2999 1930
3000 90
3000 7
3000 2113
3001 1719
3001 4
3001 2390
3002 537
3002 2102
3002 2162
3003 28
3003 459
3003 1253
3004 234
3004 908
3004 12
3005 1659
3005 2463
3005 2290
3006 1194
3006 1925
3006 463
3007 1366
3007 934
3007 1794
3008 2140
3008 1377
3008 2075
3009 1505
3009 2702
3009 44
3010 607
3010 1204
3010 47
3011 558
3011 2081
3011 399
3012 258
3012 504
3012 492
3013 1017
3013 2535
3013 1175
3014 996
3014 73
3014 2560
3015 2769
3015 524
3015 461
3016 2613
3016 2367
3016 516
3017 245
3017 8
3017 1611
3018 270
3018 1342
3018 2516
3019 35
3019 1226
3019 224
3020 1344
3020 273
3020 516
3021 235
3021 137
3021 486
3022 1126
3022 7
3022 487
3023 643
3023 196
3023 11
3024 2207
3024 290
3024 773
3025 1478
3025 765
3025 1556
3026 826
3026 117
3026 1093
3027 1595
3027 241
3027 201
3028 245
3028 106
3028 1529
3029 1237
3029 2920
3029 32
3030 2068
3030 1121
3030 238
3031 2706
3031 1358
3031 779
3032 754
3032 2009
3032 403
3033 414
3033 278
3033 2984
3034 1560
3034 890
3034 552
3035 233
3035 39
3035 1514
3036 2571
3036 2433
3036 1835
3037 179
3037 277
3037 583
3038 1258
3038 1147
3038 2046
3039 1193
3039 232
3039 2607
3040 2977
3040 510
3040 704
3041 227
3041 329
3041 25
3042 1489
3042 337
3042 602
3043 404
3043 47
3043 1227
3044 1979
3044 618
3044 2573
3045 1715
3045 22
3045 468
3046 2921
3046 8
3046 403
3047 280
3047 10
3047 2728
3048 23
3048 713
3048 446
3049 2829
3049 33
3049 506
3050 976
3050 13
3050 120
3051 2346
3051 1280
3051 55
3052 412
3052 2250
3052 2555
3053 56
3053 2917
3053 257
3054 1232
3054 122
3054 436
3055 246
3055 1703
3055 1572
3056 1312
3056 364
3056 1965
3057 2157
3057 103
3057 78
3058 1362
3058 2149
3058 65
3059 2495
3059 1478
3059 1723
3060 1323
3060 862
3060 1129
3061 149
3061 1707
3061 3012
3062 2126
3062 2503
3062 488
3063 1752
3063 1316
3063 1633
3064 42
3064 1086
3064 2825
3065 899
3065 317
3065 762
3066 468
3066 15
3066 483
3067 1805
3067 1597
3067 1338
3068 1188
3068 604
3068 3030
3069 1903
3069 488
3069 350
3070 403
3070 199
3070 2925
3071 11
3071 1055
3071 323
3072 216
3072 73
3072 41
3073 243
3073 1376
3073 28
3074 899
3074 635
3074 32
3075 14
3075 15
3075 2865
3076 6
3076 1602
3076 50
3077 707
3077 9
3077 28
3078 2075
3078 550
3078 317
3079 12
3079 783
3079 2933
3080 39
3080 368
3080 187
3081 2878
3081 1167
3081 525
3082 1407
3082 2172
3082 911
3083 1674
3083 397
3083 766
3084 233
3084 80
3084 361
3085 39
3085 2345
3085 26
3086 1749
3086 725
3086 1133
3087 1029
3087 81
3087 108
3088 90
3088 2398
3088 460
3089 1308
3089 2715
3089 5
3090 2067
3090 1582
3090 804
3091 100
3091 1384
3091 16
3092 1235
3092 339
3092 20
3093 1088
3093 353
3093 567
3094 256
3094 649
3094 874
3095 14
3095 2305
3095 1511
3096 1396
3096 82
3096 3066
3097 13
3097 1080
3097 695
3098 2972
3098 44
3098 97
3099 2614
3099 332
3099 2533
3100 813
3100 69
3100 1058
3101 176
3101 431
3101 15
3102 817
3102 23
3102 2000
3103 2163
3103 2314
3103 1844
3104 493
3104 884
3104 80
3105 106
3105 349
3105 8
3106 947
3106 1919
3106 97
3107 2655
3107 80
3107 14
3108 1826
3108 1237
3108 739
3109 297
3109 5
3109 861
3110 37
3110 1826
3110 487
3111 34
3111 792
3111 150
3112 225
3112 1610
3112 767
3113 1394
3113 97
3113 1528
3114 1280
3114 577
3114 35
3115 12
3115 2532
3115 20
3116 2034
3116 69
3116 27
3117 487
3117 340
3117 625
3118 1442
3118 304
3118 822
3119 1277
3119 1792
3119 812
3120 1872
3120 1102
3120 445
3121 1093
3121 2670
3121 398
3122 666
3122 1867
3122 1104
3123 6
3123 12
3123 761
3124 3
3124 385
3124 1827
3125 1915
3125 2505
3125 924
3126 890
3126 744
3126 3125
3127 301
3127 10
3127 1663
3128 1618
3128 510
3128 818
3129 1592
3129 476
3129 496
3130 1237
3130 506
3130 8
3131 293
3131 2662
3131 925
3132 277
3132 1139
3132 514
3133 23
3133 327
3133 819
3134 7
3134 323
3134 1354
3135 236
3135 382
3135 10
3136 2763
3136 136
3136 2265
3137 1382
3137 145
3137 117
3138 1641
3138 332
3138 798
3139 2913
3139 355
3139 1807
3140 1545
3140 163
3140 149
3141 192
3141 6
3141 57
3142 1223
3142 1092
3142 115
3143 2151
3143 5
3143 2082
3144 2895
3144 589
3144 15
3145 449
3145 282
3145 2166
3146 5
3146 1017
3146 467
3147 2473
3147 696
3147 5
3148 24
3148 20
3148 212
3149 1936
3149 1882
3149 66
3150 16
3150 538
3150 511
3151 576
3151 241
3151 220
3152 2850
3152 1512
3152 2386
3153 3131
3153 256
3153 2086
3154 470
3154 2440
3154 431
3155 932
3155 1401
3155 169
3156 2049
3156 2572
3156 69
3157 2573
3157 2405
3157 2567
3158 1968
3158 1777
3158 559
3159 706
3159 77
3159 74
3160 39
3160 786
3160 388
3161 2577
3161 246
3161 261
3162 311
3162 261
3162 698
3163 234
3163 522
3163 3084
3164 1899
3164 1089
3164 1092
3165 453
3165 464
3165 255
3166 633
3166 367
3166 797
3167 409
3167 2060
3167 2737
3168 99
3168 1685
3168 103
3169 1489
3169 2923
3169 1308
3170 935
3170 782
3170 923
3171 1884
3171 996
3171 488
3172 1968
3172 744
3172 3
3173 837
3173 714
3173 932
3174 574
3174 945
3174 1668
3175 20
3175 1492
3175 2798
3176 435
3176 206
3176 1321
3177 673
3177 2
3177 12
3178 160
3178 554
3178 80
3179 1226
3179 1898
3179 458
3180 1893
3180 304
3180 245
3181 764
3181 264
3181 256
3182 3143
3182 367
3182 115
3183 728
3183 746
3183 3
3184 1105
3184 537
3184 48
3185 2200
3185 241
3185 407
3186 713
3186 2
3186 2842
3187 438
3187 21
3187 1116
3188 1940
3188 1044
3188 2155
3189 1248
3189 1152
3189 1434
3190 1504
3190 207
3190 2729
3191 863
3191 3034
3191 368
3192 1340
3192 2893
3192 840
3193 2630
3193 24
3193 106
3194 264
3194 140
3194 972
3195 1410
3195 47
3195 235
3196 319
3196 149
3196 1669
3197 2333
3197 2179
3197 402
3198 140
3198 1620
3198 71
3199 2776
3199 1599
3199 2887
3200 768
3200 3165
3200 1711
3201 304
3201 2708
3201 132
3202 1278
3202 3063
3202 323
3203 345
3203 448
3203 480
3204 2318
3204 3099
3204 525
3205 1421
3205 83
3205 3147
3206 386
3206 945
3206 96
3207 1450
3207 1976
3207 195
3208 1192
3208 97
3208 1594
3209 2644
3209 696
3209 139
3210 1231
3210 782
3210 2759
3211 2695
3211 2822
3211 105
3212 24
3212 1815
3212 317
3213 2427
3213 762
3213 2584
3214 1621
3214 2223
3214 171
3215 1411
3215 1173
3215 182
3216 117
3216 232
3216 1262
3217 1734
3217 403
3217 2313
3218 1672
3218 2995
3218 299
3219 137
3219 2654
3219 5
3220 1615
3220 704
3220 1378
3221 42
3221 2819
3221 1337
3222 904
3222 522
3222 152
3223 1475
3223 332
3223 647
3224 55
3224 537
3224 477
3225 45
3225 3
3225 1863
3226 3
3226 798
3226 2474
3227 2773
3227 31
3227 1176
3228 13
3228 770
3228 420
3229 1667
3229 1140
3229 1743
3230 2880
3230 3084
3230 90
3231 2350
3231 1390
3231 199
3232 198
3232 1386
3232 103
3233 90
3233 57
3233 343
3234 2622
3234 154
3234 99
3235 1709
3235 1528
3235 2943
3236 14
3236 112
3236 317
3237 2
3237 3072
3237 12
3238 1147
3238 164
3238 2257
3239 1405
3239 1285
3239 163
3240 247
3240 1676
3240 2377
3241 40
3241 191
3241 63
3242 253
3242 2099
3242 1093
3243 1390
3243 56
3243 565
3244 57
3244 1671
3244 2900
3245 666
3245 1370
3245 404
3246 1559
3246 1524
3246 417
3247 201
3247 2
3247 1646
3248 377
3248 20
3248 254
3249 3
3249 90
3249 989
3250 2617
3250 1369
3250 171
3251 1142
3251 833
3251 3
3252 910
3252 3079
3252 813
3253 2057
3253 87
3253 249
3254 406
3254 725
3254 1020
3255 252
3255 161
3255 1633
3256 547
3256 2957
3256 180
3257 2286
3257 1462
3257 2155
3258 1098
3258 2230
3258 2467
3259 105
3259 865
3259 33
3260 192
3260 2891
3260 1197
3261 2967
3261 3248
3261 2899
3262 891
3262 738
3262 2
3263 450
3263 11
3263 1016
3264 129
3264 32
3264 645
3265 30
3265 3
3265 1743
3266 251
3266 2816
3266 122
3267 538
3267 1340
3267 112
3268 509
3268 779
3268 1337
3269 28
3269 938
3269 699
3270 860
3270 1512
3270 317
3271 696
3271 1196
3271 149
3272 318
3272 383
3272 161
3273 177
3273 192
3273 2131
3274 2539
3274 56
3274 1081
3275 3243
3275 63
3275 255
3276 625
3276 498
3276 1315
3277 1536
3277 86
3277 9
3278 2799
3278 350
3278 101
3279 2024
3279 2571
3279 975
3280 1907
3280 1025
3280 1126
3281 2639
3281 137
3281 51
3282 2406
3282 3251
3282 177
3283 2929
3283 1992
3283 696
3284 2936
3284 1018
3284 10
3285 203
3285 9
3285 6
3286 435
3286 6
3286 192
3287 2311
3287 2277
3287 653
3288 1127
3288 710
3288 1572
3289 2352
3289 1831
3289 34
3290 2827
3290 359
3290 394
3291 666
3291 2423
3291 2255
3292 244
3292 1364
3292 1605
3293 2996
3293 510
3293 1463
3294 423
3294 2460
3294 401
3295 591
3295 589
3295 2216
3296 415
3296 17
3296 647
3297 27
3297 105
3297 212
3298 1842
3298 1862
3298 1058
3299 1315
3299 353
3299 931
3300 3044
3300 2234
3300 2018
3301 949
3301 57
3301 232
3302 2722
3302 638
3302 1034
3303 485
3303 875
3303 26
3304 1048
3304 3186
3304 318
3305 2244
3305 740
3305 2581
3306 940
3306 3
3306 248
3307 4
3307 1591
3307 1301
3308 932
3308 1239
3308 1357
3309 562
3309 1017
3309 55
3310 3270
3310 3198
3310 131
3311 141
3311 187
3311 2973
3312 2005
3312 1187
3312 42
3313 810
3313 56
3313 622
3314 714
3314 2539
3314 1420
3315 415
3315 3037
3315 1820
3316 1366
3316 3033
3316 353
3317 1386
3317 9
3317 1884
3318 208
3318 1684
3318 1159
3319 572
3319 2042
3319 324
3320 1574
3320 263
3320 4
3321 20
3321 3063
3321 869
3322 258
3322 264
3322 2792
3323 1496
3323 2249
3323 1636
3324 2618
3324 828
3324 1662
3325 1051
3325 849
3325 2778
3326 277
3326 2690
3326 239
3327 206
3327 3018
3327 2154
3328 2929
3328 2710
3328 459
3329 40
3329 2467
3329 112
3330 58
3330 1837
3330 452
3331 1207
3331 57
3331 1386
3332 90
3332 1957
3332 279
3333 220
3333 268
3333 366
3334 290
3334 3
3334 2641
3335 368
3335 363
3335 63
3336 235
3336 594
3336 3084
3337 137
3337 1349
3337 216
3338 41
3338 222
3338 395
3339 1819
3339 2305
3339 2127
3340 985
3340 706
3340 3069
3341 1767
3341 442
3341 1164
3342 2014
3342 978
3342 1458
3343 758
3343 72
3343 58
3344 18
3344 2669
3344 452
3345 783
3345 220
3345 1098
3346 2209
3346 1012
3346 2555
3347 702
3347 1418
3347 366
3348 97
3348 2360
3348 337
3349 2435
3349 91
3349 920
3350 122
3350 706
3350 149
3351 2352
3351 706
3351 3095
3352 12
3352 1884
3352 75
3353 257
3353 296
3353 272
3354 3
3354 634
3354 1752
3355 931
3355 2949
3355 1485
3356 635
3356 2243
3356 212
3357 2382
3357 1371
3357 418
3358 2348
3358 148
3358 341
3359 506
3359 1938
3359 1211
3360 2535
3360 3028
3360 381
3361 2601
3361 1707
3361 207
3362 131
3362 358
3362 706
3363 2
3363 12
3363 458
3364 411
3364 468
3364 3303
3365 71
3365 282
3365 1144
3366 2453
3366 2584
3366 73
3367 1385
3367 625
3367 3
3368 710
3368 1392
3368 952
3369 111
3369 1121
3369 1015
3370 381
3370 216
3370 1105
3371 2132
3371 128
3371 153
3372 1340
3372 623
3372 186
3373 1646
3373 2871
3373 78
3374 411
3374 961
3374 1187
3375 976
3375 1538
3375 1588
3376 63
3376 2885
3376 2859
3377 23
3377 232
3377 1993
3378 945
3378 2464
3378 3193
3379 674
3379 2005
3379 6
3380 2933
3380 2557
3380 597
3381 2463
3381 2532
3381 866
3382 579
3382 377
3382 307
3383 791
3383 7
3383 1031
3384 56
3384 2124
3384 1436
3385 1523
3385 1509
3385 3150
3386 1338
3386 219
3386 3381
3387 106
3387 157
3387 2525
3388 1180
3388 2835
3388 2226
3389 2860
3389 1734
3389 1649
3390 1449
3390 468
3390 305
3391 333
3391 843
3391 1239
3392 997
3392 2
3392 541
3393 47
3393 352
3393 3043
3394 1488
3394 1440
3394 474
3395 699
3395 2841
3395 1241
3396 111
3396 26
3396 1767
3397 2271
3397 7
3397 16
3398 842
3398 1248
3398 1382
3399 2446
3399 34
3399 840
3400 4
3400 30
3400 105
3401 353
3401 495
3401 225
3402 1657
3402 595
3402 1614
3403 105
3403 3261
3403 2388
3404 431
3404 2526
3404 2693
3405 821
3405 78
3405 569
3406 255
3406 3133
3406 2124
3407 36
3407 1565
3407 2627
3408 342
3408 434
3408 616
3409 1029
3409 1685
3409 2713
3410 286
3410 2629
3410 2408
3411 478
3411 3
3411 14
3412 115
3412 9
3412 276
3413 19
3413 94
3413 302
3414 1807
3414 585
3414 5
3415 2
3415 89
3415 1827
3416 2656
3416 1545
3416 47
3417 867
3417 520
3417 1681
3418 2065
3418 943
3418 535
3419 1808
3419 11
3419 1514
3420 287
3420 1942
3420 3328
3421 66
3421 2175
3421 1444
3422 1951
3422 112
3422 686
3423 1833
3423 20
3423 2636
3424 2337
3424 3287
3424 789
3425 71
3425 1432
3425 1404
3426 9
3426 892
3426 671
3427 1219
3427 2265
3427 901
3428 2733
3428 1
3428 2067
3429 1854
3429 3389
3429 2587
3430 3132
3430 1149
3430 1831
3431 6
3431 123
3431 587
3432 140
3432 255
3432 16
3433 2627
3433 1125
3433 1020
3434 567
3434 131
3434 1798
3435 2404
3435 1227
3435 3070
3436 3429
3436 2563
3436 799
3437 9
3437 810
3437 25
3438 136
3438 2774
3438 31
3439 23
3439 579
3439 492
3440 19
3440 76
3440 2304
3441 287
3441 865
3441 81
3442 288
3442 553
3442 1759
3443 23
3443 1065
3443 2903
3444 166
3444 1868
3444 1966
3445 3
3445 7
3445 1250
3446 491
3446 54
3446 2724
3447 2463
3447 403
3447 1437
3448 1253
3448 1799
3448 704
3449 2123
3449 589
3449 86
3450 1843
3450 2635
3450 1680
3451 498
3451 1011
3451 884
3452 2417
3452 48
3452 442
3453 670
3453 737
3453 2169
3454 470
3454 89
3454 2931
3455 334
3455 570
3455 411
3456 2983
3456 3325
3456 1560
3457 2150
3457 533
3457 855
3458 607
3458 3405
3458 3365
3459 30
3459 3280
3459 230
3460 2867
3460 1894
3460 696
3461 901
3461 269
3461 3157
3462 2311
3462 2932
3462 932
3463 565
3463 1014
3463 2121
3464 1935
3464 46
3464 1739
3465 115
3465 18
3465 2919
3466 1158
3466 295
3466 1275
3467 2167
3467 949
3467 3
3468 1100
3468 1691
3468 13
3469 2554
3469 2930
3469 2649
3470 868
3470 1196
3470 1321
3471 542
3471 3039
3471 3459
3472 2453
3472 22
3472 133
3473 226
3473 5
3473 2433
3474 779
3474 463
3474 1783
3475 2784
3475 1558
3475 3
3476 1014
3476 838
3476 201
3477 1087
3477 6
3477 589
3478 2341
3478 20
3478 189
3479 227
3479 108
3479 203
3480 825
3480 17
3480 192
3481 7
3481 647
3481 142
3482 635
3482 1131
3482 3469
3483 2511
3483 666
3483 787
3484 833
3484 1180
3484 109
3485 236
3485 25
3485 245
3486 1996
3486 2950
3486 42
3487 2105
3487 3410
3487 865
3488 1611
3488 3131
3488 140
3489 496
3489 466
3489 440
3490 1462
3490 1545
3490 20
3491 1325
3491 940
3491 599
3492 477
3492 74
3492 60
3493 1105
3493 332
3493 3484
3494 113
3494 2051
3494 25
3495 2055
3495 1451
3495 2380
3496 3056
3496 357
3496 782
3497 593
3497 119
3497 199
3498 20
3498 2708
3498 706
3499 2381
3499 945
3499 331
3500 2480
3500 1654
3500 2684
3501 2591
3501 122
3501 216
3502 3
3502 134
3502 944
3503 1819
3503 2303
3503 696
3504 1289
3504 35
3504 2863
3505 12
3505 229
3505 948
3506 0
3506 3004
3506 801
3507 80
3507 6
3507 2
3508 833
3508 28
3508 3267
3509 1597
3509 668
3509 1393
3510 2092
3510 447
3510 650
3511 75
3511 796
3511 696
3512 614
3512 16
3512 3
3513 459
3513 2960
3513 98
3514 303
3514 218
3514 2
3515 308
3515 586
3515 928
3516 760
3516 208
3516 2069
3517 3261
3517 1414
3517 278
3518 1266
3518 56
3518 254
3519 2977
3519 2788
3519 849
3520 224
3520 3402
3520 56
3521 2358
3521 2
3521 475
3522 1234
3522 1688
3522 2607
3523 3248
3523 344
3523 2245
3524 225
3524 541
3524 1128
3525 807
3525 1620
3525 543
3526 2533
3526 245
3526 3
3527 1852
3527 81
3527 943
3528 333
3528 191
3528 493
3529 1672
3529 588
3529 1824
3530 20
3530 17
3530 140
3531 3376
3531 2238
3531 1707
3532 1659
3532 3463
3532 543
3533 1873
3533 2816
3533 358
3534 1475
3534 3334
3534 3514
3535 2815
3535 2508
3535 2697
3536 29
3536 408
3536 1227
3537 645
3537 1735
3537 552
3538 10
3538 687
3538 897
3539 23
3539 294
3539 1482
3540 203
3540 1320
3540 704
3541 2187
3541 2053
3541 92
3542 737
3542 57
3542 285
3543 2431
3543 131
3543 2885
3544 2298
3544 1271
3544 699
3545 726
3545 522
3545 67
3546 1585
3546 625
3546 176
3547 2497
3547 1864
3547 303
3548 556
3548 1275
3548 41
3549 140
3549 2678
3549 1459
3550 516
3550 25
3550 3300
3551 1191
3551 43
3551 3123
3552 1669
3552 3261
3552 617
3553 11
3553 2973
3553 173
3554 998
3554 522
3554 1875
3555 2917
3555 2938
3555 915
3556 4
3556 443
3556 226
3557 985
3557 881
3557 2603
3558 1041
3558 641
3558 1475
3559 3009
3559 232
3559 12
3560 3508
3560 474
3560 1245
3561 99
3561 1183
3561 78
3562 528
3562 646
3562 479
3563 544
3563 2273
3563 769
3564 2369
3564 2652
3564 63
3565 395
3565 43
3565 1075
3566 2091
3566 1657
3566 160
3567 1155
3567 111
3567 757
3568 545
3568 1440
3568 108
3569 158
3569 3273
3569 98
3570 366
3570 1903
3570 1509
3571 1428
3571 3564
3571 742
3572 218
3572 1047
3572 2778
3573 103
3573 3522
3573 3
3574 739
3574 1442
3574 414
3575 713
3575 12
3575 328
3576 562
3576 1493
3576 2436
3577 493
3577 108
3577 413
3578 962
3578 0
3578 3390
3579 54
3579 2503
3579 1835
3580 3197
3580 85
3580 2339
3581 460
3581 11
3581 2576
3582 1167
3582 946
3582 1592
3583 1317
3583 959
3583 2964
3584 417
3584 378
3584 790
3585 810
3585 221
3585 1551
3586 784
3586 111
3586 443
3587 261
3587 1088
3587 281
3588 127
3588 1948
3588 2138
3589 2241
3589 2886
3589 1823
3590 635
3590 3
3590 1684
3591 3464
3591 2466
3591 1447
3592 217
3592 437
3592 730
3593 3457
3593 986
3593 2654
3594 236
3594 3150
3594 3578
3595 206
3595 1271
3595 1886
3596 446
3596 37
3596 610
3597 357
3597 75
3597 452
3598 153
3598 2231
3598 1006
3599 2031
3599 446
3599 1386
3600 156
3600 1485
3600 3023
3601 448
3601 1074
3601 355
3602 159
3602 56
3602 1002
3603 2927
3603 828
3603 12
3604 738
3604 2508
3604 223
3605 2789
3605 636
3605 11
3606 95
3606 12
3606 83
3607 942
3607 3042
3607 3069
3608 761
3608 2515
3608 4
3609 3121
3609 986
3609 1719
3610 803
3610 406
3610 1567
3611 819
3611 105
3611 2466
3612 2328
3612 285
3612 3469
3613 2986
3613 216
3613 1728
3614 2062
3614 353
3614 1090
3615 1696
3615 3168
3615 3130
3616 323
3616 1390
3616 3578
3617 2264
3617 376
3617 1834
3618 1191
3618 744
3618 2546
3619 1404
3619 2304
3619 329
3620 0
3620 53
3620 2869
3621 2315
3621 898
3621 1070
3622 2268
3622 1333
3622 187
3623 755
3623 3106
3623 1065
3624 25
3624 962
3624 1028
3625 696
3625 721
3625 656
3626 3038
3626 3403
3626 3354
3627 742
3627 416
3627 930
3628 273
3628 1345
3628 12
3629 445
3629 7
3629 145
3630 12
3630 1077
3630 2955
3631 50
3631 9
3631 445
3632 15
3632 14
3632 1427
3633 1438
3633 892
3633 473
3634 4
3634 496
3634 932
3635 101
3635 2294
3635 21
3636 3318
3636 1310
3636 751
3637 1412
3637 1433
3637 1049
3638 487
3638 109
3638 556
3639 622
3639 1052
3639 2834
3640 760
3640 681
3640 2853
3641 33
3641 203
3641 281
3642 1014
3642 4
3642 2046
3643 78
3643 130
3643 518
3644 1087
3644 1377
3644 1773
3645 3610
3645 327
3645 2722
3646 20
3646 1213
3646 1865
3647 1399
3647 614
3647 1642
3648 23
3648 989
3648 484
3649 1835
3649 6
3649 943
3650 228
3650 777
3650 1509
3651 628
3651 1184
3651 149
3652 3022
3652 3404
3652 2331
3653 3373
3653 2
3653 1785
3654 470
3654 2172
3654 2036
3655 315
3655 635
3655 3653
3656 1
3656 1783
3656 741
3657 435
3657 776
3657 1758
3658 95
3658 466
3658 3648
3659 9
3659 2688
3659 1323
3660 66
3660 1192
3660 149
3661 2483
3661 1133
3661 2123
3662 99
3662 243
3662 1752
3663 22
3663 323
3663 962
3664 829
3664 547
3664 3086
3665 2629
3665 3305
3665 20
3666 482
3666 1669
3666 878
3667 929
3667 1693
3667 9
3668 23
3668 149
3668 3479
3669 1023
3669 1002
3669 3057
3670 1066
3670 2648
3670 1446
3671 148
3671 206
3671 176
3672 669
3672 2929
3672 245
3673 475
3673 3104
3673 256
3674 1701
3674 409
3674 290
3675 469
3675 480
3675 271
3676 1533
3676 27
3676 1514
3677 3308
3677 228
3677 2923
3678 3222
3678 1590
3678 90
3679 3381
3679 806
3679 447
3680 3255
3680 94
3680 3672
3681 1984
3681 1137
3681 575
3682 696
3682 557
3682 327
3683 353
3683 74
3683 12
3684 972
3684 289
3684 128
3685 2774
3685 1881
3685 3082
3686 2098
3686 3407
3686 628
3687 459
3687 762
3687 3090
3688 1760
3688 160
3688 1740
3689 3369
3689 12
3689 47
3690 1624
3690 2508
3690 2773
3691 1749
3691 204
3691 1034
3692 1680
3692 54
3692 2867
3693 3551
3693 1077
3693 38
3694 1647
3694 1034
3694 74
3695 251
3695 3557
3695 658
3696 2266
3696 1090
3696 2941
3697 1445
3697 2099
3697 1012
3698 24
3698 359
3698 955
3699 320
3699 166
3699 623
3700 1353
3700 289
3700 1038
3701 823
3701 336
3701 3531
3702 72
3702 757
3702 103
3703 2710
3703 2222
3703 1244
3704 94
3704 113
3704 243
3705 1340
3705 31
3705 1356
3706 1999
3706 3264
3706 956
3707 665
3707 40
3707 91
3708 3579
3708 55
3708 105
3709 989
3709 2835
3709 326
3710 2179
3710 297
3710 1458
3711 1128
3711 1291
3711 3069
3712 5
3712 3625
3712 2945
3713 1899
3713 161
3713 3390
3714 1786
3714 952
3714 72
3715 2138
3715 419
3715 487
3716 1590
3716 3671
3716 1871
3717 957
3717 5
3717 2033
3718 1432
3718 192
3718 17
3719 15
3719 524
3719 233
3720 3246
3720 559
3720 72
3721 17
3721 714
3721 787
3722 1805
3722 56
3722 309
3723 960
3723 405
3723 2304
3724 971
3724 2631
3724 1281
3725 943
3725 56
3725 2891
3726 3523
3726 3612
3726 226
3727 1578
3727 3110
3727 1266
3728 1504
3728 862
3728 1344
3729 357
3729 276
3729 1895
3730 275
3730 177
3730 3392
3731 1726
3731 1180
3731 277
3732 882
3732 1046
3732 3434
3733 2359
3733 83
3733 2013
3734 744
3734 378
3734 367
3735 998
3735 2050
3735 696
3736 129
3736 1331
3736 2212
3737 694
3737 1070
3737 339
3738 1651
3738 188
3738 2008
3739 12
3739 2741
3739 1940
3740 522
3740 1533
3740 1766
3741 1005
3741 13
3741 508
3742 2
3742 2097
3742 552
3743 3396
3743 2744
3743 209
3744 9
3744 123
3744 2279
3745 312
3745 3251
3745 31
3746 227
3746 2600
3746 779
3747 1625
3747 3120
3747 3425
3748 40
3748 3653
3748 2274
3749 2719
3749 1063
3749 1513
3750 1187
3750 130
3750 613
3751 108
3751 542
3751 1366
3752 7
3752 1094
3752 1309
3753 678
3753 894
3753 1100
3754 643
3754 1429
3754 2783
3755 1237
3755 2034
3755 3250
3756 121
3756 444
3756 304
3757 1850
3757 285
3757 855
3758 2518
3758 1657
3758 2580
3759 798
3759 3198
3759 2517
3760 4
3760 3672
3760 635
3761 6
3761 334
3761 85
3762 1514
3762 481
3762 1665
3763 2194
3763 761
3763 1174
3764 1729
3764 2
3764 1453
3765 926
3765 71
3765 2378
3766 763
3766 1468
3766 128
3767 596
3767 2624
3767 535
3768 2075
3768 3655
3768 1412
3769 108
3769 1531
3769 586
3770 662
3770 2774
3770 2329
3771 6
3771 143
3771 1410
3772 288
3772 224
3772 2768
3773 3662
3773 469
3773 2714
3774 377
3774 74
3774 3
3775 2171
3775 878
3775 23
3776 1258
3776 1766
3776 2800
3777 1965
3777 3397
3777 28
3778 201
3778 476
3778 98
3779 3230
3779 86
3779 19
3780 223
3780 1386
3780 2773
3781 1695
3781 217
3781 254
3782 3392
3782 229
3782 1911
3783 2084
3783 2608
3783 696
3784 2026
3784 1548
3784 565
3785 978
3785 2138
3785 1617
3786 1690
3786 1644
3786 886
3787 2798
3787 206
3787 1979
3788 17
3788 1473
3788 253
3789 2118
3789 77
3789 1059
3790 379
3790 940
3790 453
3791 402
3791 4
3791 121
3792 1011
3792 902
3792 1411
3793 3063
3793 1594
3793 372
3794 710
3794 67
3794 2710
3795 1428
3795 155
3795 1108
3796 1081
3796 9
3796 2918
3797 15
3797 1120
3797 2489
3798 1960
3798 1749
3798 227
3799 1880
3799 3084
3799 410
3800 96
3800 240
3800 20
3801 20
3801 1803
3801 1398
3802 1543
3802 872
3802 1092
3803 10
3803 1006
3803 1899
3804 2821
3804 641
3804 891
3805 3519
3805 2077
3805 1306
3806 538
3806 326
3806 3522
3807 2046
3807 79
3807 22
3808 29
3808 2814
3808 535
3809 1105
3809 1906
3809 2726
3810 1042
3810 864
3810 128
3811 9
3811 300
3811 1087
3812 104
3812 1390
3812 2518
3813 3617
3813 552
3813 2036
3814 583
3814 106
3814 1736
3815 723
3815 370
3815 869
3816 1499
3816 112
3816 11
3817 3229
3817 3068
3817 633
3818 1545
3818 220
3818 1530
3819 3429
3819 1401
3819 3185
3820 2313
3820 1997
3820 216
3821 6
3821 1080
3821 1119
3822 20
3822 13
3822 2179
3823 2350
3823 2010
3823 647
3824 467
3824 505
3824 848
3825 3785
3825 304
3825 276
3826 184
3826 492
3826 411
3827 47
3827 1749
3827 196
3828 315
3828 5
3828 243
3829 274
3829 2661
3829 66
3830 148
3830 3142
3830 1970
3831 1119
3831 330
3831 3297
3832 78
3832 2638
3832 808
3833 1743
3833 509
3833 882
3834 1597
3834 3429
3834 359
3835 3058
3835 866
3835 987
3836 1495
3836 2639
3836 855
3837 1649
3837 47
3837 3626
3838 1973
3838 300
3838 1389
3839 704
3839 1120
3839 125
3840 3816
3840 1489
3840 1836
3841 13
3841 88
3841 3319
3842 646
3842 2193
3842 97
3843 1621
3843 632
3843 23
3844 1009
3844 3066
3844 3574
3845 1558
3845 55
3845 995
3846 3308
3846 1772
3846 55
3847 488
3847 11
3847 361
3848 2839
3848 421
3848 2938
3849 775
3849 75
3849 476
3850 1200
3850 682
3850 2049
3851 1961
3851 2818
3851 210
3852 370
3852 1109
3852 689
3853 978
3853 2679
3853 1150
3854 1212
3854 2135
3854 909
3855 102
3855 91
3855 429
3856 1258
3856 454
3856 1948
3857 1168
3857 940
3857 3480
3858 2131
3858 2386
3858 296
3859 19
3859 294
3859 681
3860 1490
3860 3830
3860 1179
3861 3842
3861 1225
3861 3566
3862 2598
3862 334
3862 3230
3863 1439
3863 58
3863 206
3864 1739
3864 3261
3864 369
3865 11
3865 328
3865 97
3866 2106
3866 212
3866 2341
3867 423
3867 340
3867 182
3868 1975
3868 283
3868 976
3869 3387
3869 177
3869 353
3870 1259
3870 77
3870 831
3871 485
3871 1173
3871 1015
3872 3747
3872 2763
3872 552
3873 176
3873 45
3873 1729
3874 65
3874 2351
3874 251
3875 1845
3875 66
3875 296
3876 1204
3876 439
3876 3239
3877 143
3877 600
3877 910
3878 220
3878 370
3878 17
3879 2534
3879 57
3879 2725
3880 3516
3880 185
3880 75
3881 1451
3881 494
3881 2187
3882 2406
3882 273
3882 3317
3883 743
3883 704
3883 3247
3884 1479
3884 3675
3884 31
3885 48
3885 287
3885 7
3886 1144
3886 3667
3886 674
3887 5
3887 3108
3887 1563
3888 1172
3888 4
3888 2869
3889 1681
3889 962
3889 65
3890 524
3890 131
3890 1026
3891 641
3891 2398
3891 3011
3892 49
3892 994
3892 1840
3893 3654
3893 15
3893 995
3894 1195
3894 470
3894 1466
3895 522
3895 2109
3895 75
3896 25
3896 760
3896 521
3897 1597
3897 90
3897 194
3898 1582
3898 7
3898 57
3899 671
3899 3802
3899 3765
3900 1766
3900 2010
3900 14
3901 746
3901 298
3901 216
3902 2057
3902 1173
3902 2700
3903 1667
3903 1469
3903 2994
3904 1293
3904 361
3904 833
3905 1314
3905 1364
3905 363
3906 109
3906 1010
3906 148
3907 982
3907 677
3907 160
3908 969
3908 4
3908 1772
3909 20
3909 1893
3909 1941
3910 211
3910 552
3910 1212
3911 931
3911 3368
3911 2091
3912 904
3912 920
3912 1514
3913 132
3913 2705
3913 373
3914 2306
3914 892
3914 3376
3915 1124
3915 691
3915 579
3916 1988
3916 2057
3916 744
3917 2421
3917 253
3917 1992
3918 3650
3918 2582
3918 488
3919 2764
3919 1322
3919 589
3920 1345
3920 3801
3920 1040
3921 31
3921 1479
3921 54
3922 3830
3922 1119
3922 521
3923 1419
3923 2561
3923 3
3924 911
3924 304
3924 3781
3925 228
3925 2
3925 1558
3926 1776
3926 3662
3926 793
3927 32
3927 1681
3927 2680
3928 2670
3928 1472
3928 11
3929 3459
3929 967
3929 1628
3930 1744
3930 1205
3930 1496
3931 532
3931 2037
3931 2063
3932 1927
3932 47
3932 2052
3933 287
3933 1164
3933 1390
3934 2244
3934 65
3934 840
3935 589
3935 2388
3935 120
3936 46
3936 945
3936 105
3937 55
3937 691
3937 547
3938 733
3938 851
3938 222
3939 2787
3939 2
3939 414
3940 192
3940 410
3940 887
3941 502
3941 393
3941 553
3942 1560
3942 289
3942 1785
3943 3034
3943 1080
3943 1700
3944 2976
3944 2495
3944 524
3945 3558
3945 3672
3945 142
3946 20
3946 481
3946 2863
3947 8
3947 372
3947 346
3948 2481
3948 1899
3948 1519
3949 1229
3949 2445
3949 68
3950 17
3950 2742
3950 670
3951 2852
3951 41
3951 1576
3952 2376
3952 448
3952 9
3953 1895
3953 42
3953 2286
3954 2454
3954 37
3954 2916
3955 474
3955 2
3955 1711
3956 9
3956 3932
3956 686
3957 19
3957 23
3957 1584
3958 2378
3958 54
3958 10
3959 3394
3959 525
3959 2127
3960 1690
3960 3917
3960 1652
3961 84
3961 3431
3961 858
3962 1144
3962 1151
3962 66
3963 50
3963 222
3963 2350
3964 7
3964 594
3964 2405
3965 1669
3965 3078
3965 133
3966 2250
3966 1649
3966 2305
3967 925
3967 3215
3967 3
3968 265
3968 1009
3968 3357
3969 3250
3969 201
3969 3803
3970 3562
3970 962
3970 2716
3971 1407
3971 3939
3971 1377
3972 57
3972 203
3972 108
3973 3932
3973 1523
3973 2883
3974 365
3974 281
3974 3303
3975 137
3975 1884
3975 496
3976 1271
3976 3290
3976 3647
3977 217
3977 296
3977 2667
3978 1210
3978 3945
3978 394
3979 120
3979 28
3979 1590
3980 425
3980 2770
3980 3731
3981 1959
3981 1765
3981 188
3982 1758
3982 2823
3982 219
3983 2495
3983 21
3983 2404
3984 3
3984 94
3984 1999
3985 3246
3985 3791
3985 433
3986 40
3986 2542
3986 1811
3987 1418
3987 433
3987 2358
3988 3090
3988 1050
3988 819
3989 1432
3989 1235
3989 910
3990 1848
3990 2200
3990 2022
3991 2
3991 194
3991 1155
3992 2214
3992 110
3992 3752
3993 1590
3993 140
3993 449
3994 597
3994 61
3994 51
3995 1508
3995 2919
3995 552
3996 245
3996 3114
3996 211
3997 3270
3997 840
3997 1548
3998 147
3998 691
3998 3929
3999 7
3999 2479
3999 105
4000 877
4000 447
4000 15
4001 261
4001 3277
4001 3312
4002 66
4002 69
4002 1164
4003 1183
4003 3970
4003 814
4004 706
4004 1119
4004 3184
4005 796
4005 1739
4005 537
4006 3507
4006 153
4006 124
4007 522
4007 2128
4007 780
4008 2866
4008 3114
4008 1501
4009 1428
4009 293
4009 146
4010 34
4010 17
4010 3224
4011 3875
4011 978
4011 211
4012 2222
4012 3917
4012 1692
4013 1458
4013 445
4013 1445
4014 1957
4014 2054
4014 1377
4015 3746
4015 549
4015 2502
4016 2502
4016 2325
4016 2871
4017 23
4017 48
4017 7
4018 1261
4018 9
4018 278
4019 610
4019 2162
4019 3600
4020 288
4020 11
4020 3356
4021 14
4021 27
4021 930
4022 127
4022 99
4022 1432
4023 1029
4023 189
4023 1064
4024 2957
4024 2219
4024 320
4025 12
4025 1691
4025 3
4026 207
4026 2872
4026 165
4027 1900
4027 186
4027 744
4028 227
4028 2396
4028 356
4029 3691
4029 3885
4029 1327
4030 1357
4030 1436
4030 2519
4031 2784
4031 2798
4031 1079
4032 105
4032 34
4032 553
4033 1109
4033 2132
4033 3108
4034 1476
4034 308
4034 233
4035 90
4035 1
4035 801
4036 3489
4036 2662
4036 283
4037 2024
4037 2528
4037 30
4038 3378
4038 30
4038 109
4039 2477
4039 3123
4039 71
4040 1642
4040 429
4040 897
4041 753
4041 635
4041 3780
4042 2800
4042 2866
4042 1101
4043 203
4043 376
4043 1529
4044 42
4044 83
4044 700
4045 470
4045 2428
4045 610
4046 1130
4046 2604
4046 1584
4047 3807
4047 3815
4047 1867
4048 2771
4048 137
4048 1701
4049 3322
4049 821
4049 1560
4050 1469
4050 3859
4050 5
4051 2662
4051 12
4051 2311
4052 14
4052 1205
4052 344
4053 89
4053 19
4053 1988
4054 476
4054 3784
4054 4026
4055 786
4055 1574
4055 866
4056 9
4056 1391
4056 78
4057 540
4057 648
4057 3168
4058 856
4058 287
4058 7
4059 3495
4059 19
4059 1947
4060 282
4060 332
4060 661
4061 417
4061 256
4061 155
4062 535
4062 80
4062 192
4063 2144
4063 1253
4063 2472
4064 1739
4064 621
4064 2843
4065 249
4065 2200
4065 589
4066 544
4066 17
4066 3667
4067 505
4067 252
4067 2575
4068 1385
4068 949
4068 645
4069 158
4069 1681
4069 15
4070 804
4070 229
4070 1553
4071 2172
4071 300
4071 1193
4072 23
4072 1793
4072 3519
4073 2457
4073 3462
4073 1621
4074 66
4074 1012
4074 80
4075 1070
4075 374
4075 143
4076 10
4076 1500
4076 1155
4077 2955
4077 1437
4077 3318
4078 474
4078 140
4078 2964
4079 72
4079 3095
4079 2484
4080 746
4080 11
4080 34
4081 2168
4081 354
4081 625
4082 2725
4082 3438
4082 3143
4083 3669
4083 1120
4083 333
4084 1189
4084 5
4084 2554
4085 1087
4085 2883
4085 3394
4086 2167
4086 46
4086 3042
4087 657
4087 331
4087 2838
4088 198
4088 3286
4088 171
4089 3223
4089 712
4089 240
4090 2094
4090 4063
4090 311
4091 12
4091 20
4091 171
4092 1533
4092 26
4092 166
4093 105
4093 3290
4093 41
4094 7
4094 10
4094 183
4095 227
4095 1451
4095 3
4096 3874
4096 1652
4096 1505
4097 329
4097 30
4097 113
4098 2108
4098 6
4098 950
4099 1253
4099 3387
4099 1431
4100 1469
4100 945
4100 1858
4101 1293
4101 2301
4101 470
4102 843
4102 1867
4102 56
4103 1897
4103 855
4103 1913
4104 2719
4104 861
4104 58
4105 467
4105 3625
4105 176
4106 3262
4106 418
4106 780
4107 3640
4107 17
4107 2488
4108 365
4108 486
4108 125
4109 1202
4109 471
4109 170
4110 3168
4110 60
4110 281
4111 2
4111 2190
4111 3908
4112 3553
4112 115
4112 562
4113 353
4113 1015
4113 559
4114 210
4114 2426
4114 1504
4115 1226
4115 3561
4115 782
4116 335
4116 1489
4116 201
4117 2006
4117 780
4117 2461
4118 11
4118 76
4118 2528
4119 2351
4119 417
4119 691
4120 602
4120 725
4120 4047
4121 1612
4121 2147
4121 1876
4122 15
4122 340
4122 71
4123 48
4123 1979
4123 76
4124 3205
4124 4050
4124 967
4125 1467
4125 820
4125 662
4126 2973
4126 1692
4126 8
4127 311
4127 191
4127 3221
4128 459
4128 2623
4128 2228
4129 1063
4129 777
4129 1632
4130 854
4130 287
4130 4124
4131 86
4131 3073
4131 284
4132 1808
4132 271
4132 1459
4133 1163
4133 482
4133 469
4134 1553
4134 3429
4134 3520
4135 2653
4135 1090
4135 2954
4136 3811
4136 39
4136 3383
4137 1258
4137 1519
4137 1404
4138 23
4138 3261
4138 1116
4139 1602
4139 3814
4139 16
4140 187
4140 595
4140 1654
4141 2632
4141 201
4141 540
4142 3024
4142 3222
4142 264
4143 42
4143 1235
4143 940
4144 1386
4144 3323
4144 2268
4145 1238
4145 468
4145 910
4146 1977
4146 2341
4146 694
4147 1711
4147 704
4147 308
4148 1479
4148 357
4148 897
4149 930
4149 192
4149 2584
4150 1243
4150 8
4150 3255
4151 8
4151 413
4151 3
4152 937
4152 3473
4152 2125
4153 3250
4153 2724
4153 669
4154 247
4154 1528
4154 334
4155 3041
4155 1124
4155 63
4156 2075
4156 75
4156 1178
4157 3123
4157 211
4157 2681
4158 2097
4158 692
4158 283
4159 1486
4159 4091
4159 305
4160 61
4160 1714
4160 1555
4161 515
4161 128
4161 23
4162 630
4162 148
4162 9
4163 11
4163 3751
4163 2928
4164 2829
4164 813
4164 1288
4165 66
4165 20
4165 12
4166 105
4166 901
4166 1462
4167 2825
4167 777
4167 2583
4168 22
4168 761
4168 2023
4169 625
4169 3680
4169 57
4170 820
4170 1103
4170 11
4171 3800
4171 349
4171 1423
4172 851
4172 3587
4172 746
4173 1497
4173 3420
4173 76
4174 5
4174 1822
4174 1366
4175 25
4175 2416
4175 3934
4176 548
4176 3133
4176 779
4177 1167
4177 725
4177 3569
4178 303
4178 1320
4178 7
4179 1493
4179 187
4179 148
4180 3594
4180 508
4180 337
4181 3324
4181 331
4181 20
4182 1696
4182 537
4182 57
4183 105
4183 227
4183 1945
4184 957
4184 48
4184 305
4185 791
4185 281
4185 1230
4186 1633
4186 967
4186 3
4187 41
4187 12
4187 1059
4188 2683
4188 2359
4188 1747
4189 3184
4189 1152
4189 1783
4190 1295
4190 2158
4190 50
4191 2692
4191 3
4191 143
4192 2293
4192 552
4192 3706
4193 635
4193 6
4193 2973
4194 1400
4194 2569
4194 304
4195 2091
4195 508
4195 2579
4196 17
4196 357
4196 1963
4197 3505
4197 2044
4197 38
4198 911
4198 271
4198 3095
4199 1358
4199 513
4199 2338
4200 352
4200 565
4200 808
4201 2803
4201 1219
4201 2712
4202 40
4202 1125
4202 1411
4203 1005
4203 1482
4203 240
4204 1366
4204 17
4204 2678
4205 249
4205 78
4205 651
4206 2044
4206 185
4206 3479
4207 947
4207 2808
4207 4036
4208 1630
4208 216
4208 1143
4209 1131
4209 1170
4209 538
4210 174
4210 368
4210 1858
4211 527
4211 479
4211 2056
4212 1977
4212 1907
4212 2250
4213 1222
4213 2333
4213 67
4214 40
4214 3099
4214 731
4215 3176
4215 671
4215 2924
4216 452
4216 1711
4216 8
4217 2328
4217 140
4217 2693
4218 599
4218 25
4218 184
4219 2265
4219 9
4219 1121
4220 16
4220 2124
4220 2272
4221 6
4221 266
4221 953
4222 3978
4222 639
4222 1599
4223 696
4223 3109
4223 2277
4224 1266
4224 368
4224 1
4225 50
4225 212
4225 4100
4226 48
4226 229
4226 1338
4227 3567
4227 1545
4227 610
4228 315
4228 2879
4228 17
4229 3578
4229 1292
4229 3049
4230 2600
4230 30
4230 1777
4231 2726
4231 7
4231 706
4232 1332
4232 733
4232 75
4233 273
4233 108
4233 1486
4234 2056
4234 150
4234 39
4235 740
4235 1562
4235 1473
4236 3834
4236 176
4236 748
4237 2817
4237 3367
4237 1926
4238 1496
4238 82
4238 1059
4239 22
4239 332
4239 843
4240 781
4240 2607
4240 208
4241 253
4241 1309
4241 209
4242 1873
4242 4196
4242 3355
4243 2359
4243 219
4243 500
4244 910
4244 181
4244 111
4245 494
4245 1195
4245 105
4246 529
4246 707
4246 3356
4247 578
4247 3705
4247 133
4248 25
4248 33
4248 3574
4249 2344
4249 1438
4249 540
4250 13
4250 598
4250 137
4251 332
4251 1932
4251 1996
4252 4236
4252 3545
4252 849
4253 455
4253 3842
4253 2649
4254 301
4254 3468
4254 449
4255 3985
4255 57
4255 471
4256 3726
4256 4187
4256 28
4257 247
4257 2128
4257 324
4258 149
4258 1139
4258 1402
4259 3264
4259 474
4259 28
4260 1211
4260 433
4260 2242
4261 1297
4261 1985
4261 4174
4262 44
4262 3508
4262 2398
4263 3353
4263 48
4263 2996
4264 2153
4264 141
4264 1054
4265 610
4265 386
4265 1062
4266 626
4266 131
4266 2719
4267 309
4267 3336
4267 3082
4268 1361
4268 196
4268 3139
4269 3532
4269 418
4269 127
4270 2701
4270 3
4270 6
4271 2123
4271 1656
4271 35
4272 1377
4272 1984
4272 48
4273 2178
4273 413
4273 282
4274 1401
4274 42
4274 3360
4275 639
4275 801
4275 2314
4276 1458
4276 47
4276 1674
4277 696
4277 3781
4277 3475
4278 201
4278 731
4278 3004
4279 775
4279 3
4279 2868
4280 10
4280 2055
4280 4136
4281 26
4281 2315
4281 3872
4282 539
4282 2427
4282 2182
4283 12
4283 479
4283 547
4284 990
4284 7
4284 54
4285 67
4285 3
4285 747
4286 123
4286 487
4286 1556
4287 281
4287 632
4287 696
4288 3389
4288 9
4288 1903
4289 963
4289 702
4289 136
4290 3388
4290 1235
4290 1401
4291 2446
4291 1691
4291 1002
4292 2248
4292 2829
4292 3661
4293 1014
4293 1938
4293 2014
4294 69
4294 820
4294 3281
4295 1205
4295 470
4295 556
4296 3179
4296 566
4296 733
4297 3082
4297 509
4297 102
4298 55
4298 4058
4298 1932
4299 875
4299 687
4299 2922
4300 63
4300 535
4300 1508
4301 1429
4301 1620
4301 3899
4302 2936
4302 243
4302 2748
4303 2425
4303 9
4303 3028
4304 1394
4304 1796
4304 1293
4305 2120
4305 3217
4305 1795
4306 444
4306 56
4306 20
4307 910
4307 1642
4307 1828
4308 3154
4308 3379
4308 2250
4309 427
4309 1095
4309 1786
4310 3598
4310 3797
4310 101
4311 127
4311 133
4311 115
4312 874
4312 1585
4312 2450
4313 2881
4313 733
4313 209
4314 25
4314 797
4314 3634
4315 182
4315 2527
4315 2244
4316 54
4316 3170
4316 1361
4317 3522
4317 1148
4317 1681
4318 42
4318 1052
4318 225
4319 2301
4319 678
4319 66
4320 304
4320 1827
4320 2792
4321 3636
4321 448
4321 75
4322 776
4322 3028
4322 3569
4323 738
4323 618
4323 1391
4324 1297
4324 704
4324 132
4325 3091
4325 416
4325 783
4326 141
4326 4062
4326 1044
4327 1882
4327 2920
4327 2012
4328 233
4328 4139
4328 33
4329 1034
4329 633
4329 442
4330 180
4330 2240
4330 222
4331 2040
4331 1937
4331 2516
4332 1398
4332 2282
4332 9
4333 149
4333 426
4333 2635
4334 7
4334 34
4334 2352
4335 2128
4335 1057
4335 355
4336 742
4336 17
4336 1050
4337 10
4337 3713
4337 2632
4338 1519
4338 1367
4338 3296
4339 3850
4339 93
4339 4227
4340 2950
4340 225
4340 342
4341 2462
4341 1384
4341 11
4342 6
4342 1081
4342 3023
4343 1266
4343 3567
4343 693
4344 1918
4344 1329
4344 29
4345 481
4345 1889
4345 2554
4346 836
4346 55
4346 1866
4347 3610
4347 1253
4347 248
4348 9
4348 34
4348 28
4349 3926
4349 396
4349 936
4350 3679
4350 107
4350 2266
4351 688
4351 3356
4351 23
4352 610
4352 1606
4352 1012
4353 317
4353 944
4353 1724
4354 353
4354 2722
4354 127
4355 946
4355 781
4355 407
4356 3676
4356 13
4356 334
4357 3995
4357 97
4357 9
4358 72
4358 2251
4358 106
4359 2463
4359 99
4359 1154
4360 1275
4360 2565
4360 610
4361 30
4361 2023
4361 1450
4362 49
4362 2929
4362 1456
4363 132
4363 296
4363 1959
4364 1900
4364 1653
4364 1204
4365 1813
4365 2356
4365 948
4366 321
4366 176
4366 232
4367 1117
4367 3565
4367 2243
4368 7
4368 192
4368 9
4369 3459
4369 1008
4369 79
4370 633
4370 3741
4370 589
4371 232
4371 911
4371 913
4372 3070
4372 3531
4372 1106
4373 911
4373 719
4373 1513
4374 2076
4374 1357
4374 2721
4375 4087
4375 1469
4375 2592
4376 141
4376 519
4376 3459
4377 905
4377 537
4377 527
4378 161
4378 2820
4378 836
4379 2795
4379 3119
4379 1255
4380 1004
4380 6
4380 2863
4381 592
4381 3721
4381 3345
4382 3276
4382 9
4382 2840
4383 2037
4383 273
4383 174
4384 177
4384 2137
4384 618
4385 2179
4385 11
4385 639
4386 11
4386 1449
4386 87
4387 1971
4387 22
4387 2289
4388 4211
4388 287
4388 1814
4389 2906
4389 3358
4389 825
4390 486
4390 1368
4390 3185
4391 3920
4391 252
4391 2999
4392 354
4392 229
4392 153
4393 2092
4393 141
4393 4288
4394 199
4394 4344
4394 0
4395 1417
4395 3
4395 3716
4396 20
4396 1773
4396 28
4397 182
4397 3186
4397 869
4398 2737
4398 296
4398 3353
4399 490
4399 182
4399 3174
4400 292
4400 7
4400 3606
4401 2277
4401 59
4401 869
4402 526
4402 213
4402 535
4403 3517
4403 628
4403 1085
4404 968
4404 112
4404 399
4405 3155
4405 3444
4405 245
4406 1243
4406 287
4406 4051
4407 2513
4407 319
4407 1865
4408 1158
4408 1880
4408 962
4409 1711
4409 854
4409 2411
4410 518
4410 95
4410 3325
4411 1911
4411 2045
4411 659
4412 2082
4412 106
4412 462
4413 3005
4413 3672
4413 2047
4414 3642
4414 47
4414 5
4415 2549
4415 363
4415 1880
4416 0
4416 240
4416 910
4417 11
4417 98
4417 3494
4418 873
4418 192
4418 69
4419 1861
4419 1131
4419 2405
4420 24
4420 2164
4420 480
4421 1186
4421 1989
4421 3514
4422 33
4422 2508
4422 4193
4423 670
4423 2131
4423 131
4424 1711
4424 1271
4424 1216
4425 1243
4425 79
4425 1798
4426 2085
4426 1674
4426 857
4427 45
4427 1621
4427 1106
4428 2157
4428 1973
4428 3231
4429 83
4429 1216
4429 3069
4430 3480
4430 894
4430 3514
4431 28
4431 5
4431 261
4432 1014
4432 931
4432 2
4433 2144
4433 2429
4433 547
4434 590
4434 94
4434 402
4435 553
4435 136
4435 23
4436 412
4436 3672
4436 3958
4437 1062
4437 4244
4437 183
4438 166
4438 75
4438 4260
4439 164
4439 2686
4439 2430
4440 7
4440 1585
4440 3
4441 71
4441 625
4441 989
4442 1273
4442 344
4442 675
4443 3351
4443 4047
4443 3318
4444 1432
4444 1301
4444 1
4445 1263
4445 3825
4445 1382
4446 3939
4446 4268
4446 627
4447 1950
4447 6
4447 3992
4448 8
4448 3931
4448 264
4449 425
4449 3997
4449 3666
4450 20
4450 3653
4450 3349
4451 3406
4451 565
4451 3610
4452 502
4452 66
4452 1288
4453 1561
4453 3273
4453 1194
4454 4288
4454 325
4454 3344
4455 2531
4455 395
4455 28
4456 1191
4456 459
4456 173
4457 649
4457 1564
4457 659
4458 935
4458 323
4458 3683
4459 946
4459 2158
4459 4331
4460 2113
4460 1678
4460 443
4461 755
4461 680
4461 4102
4462 3569
4462 225
4462 832
4463 1192
4463 681
4463 2027
4464 833
4464 3896
4464 107
4465 1341
4465 2236
4465 4462
4466 249
4466 704
4466 1644
4467 0
4467 402
4467 297
4468 1096
4468 5
4468 2255
4469 2593
4469 7
4469 2524
4470 1182
4470 1330
4470 2705
4471 4
4471 3376
4471 2006
4472 1565
4472 55
4472 378
4473 2026
4473 1132
4473 562
4474 821
4474 721
4474 111
4475 1986
4475 403
4475 109
4476 666
4476 15
4476 923
4477 287
4477 1625
4477 48
4478 719
4478 2
4478 1763
4479 1358
4479 3609
4479 268
4480 12
4480 4164
4480 1914
4481 2998
4481 647
4481 498
4482 312
4482 1332
4482 1846
4483 3757
4483 2204
4483 3211
4484 386
4484 0
4484 1371
4485 3086
4485 98
4485 2411
4486 1677
4486 527
4486 333
4487 2708
4487 2308
4487 110
4488 765
4488 716
4488 1249
4489 4049
4489 1363
4489 153
4490 1363
4490 1576
4490 60
4491 21
4491 367
4491 68
4492 180
4492 682
4492 2344
4493 3897
4493 650
4493 423
4494 2074
4494 744
4494 2707
4495 562
4495 3063
4495 2146
4496 894
4496 888
4496 946
4497 875
4497 1379
4497 1334
4498 8
4498 2286
4498 406
4499 2962
4499 133
4499 7
4500 26
4500 3423
4500 1489
4501 5
4501 1438
4501 529
4502 1565
4502 364
4502 3547
4503 333
4503 2416
4503 329
4504 1542
4504 2240
4504 3997
4505 510
4505 3794
4505 1324
4506 1193
4506 1836
4506 17
4507 402
4507 4461
4507 3857
4508 1440
4508 11
4508 48
4509 618
4509 9
4509 1440
4510 1423
4510 78
4510 1023
4511 1487
4511 2472
4511 3169
4512 46
4512 52
4512 1437
4513 4062
4513 829
4513 66
4514 680
4514 265
4514 2354
4515 12
4515 2992
4515 1412
4516 13
4516 1173
4516 885
4517 910
4517 1710
4517 3285
4518 2215
4518 1472
4518 299
4519 3719
4519 3028
4519 153
4520 101
4520 848
4520 3909
4521 1608
4521 167
4521 281
4522 1979
4522 1620
4522 35
4523 3495
4523 3731
4523 2387
4524 216
4524 4402
4524 4520
4525 1096
4525 2336
4525 1131
4526 5
4526 1306
4526 3187
4527 822
4527 2172
4527 2838
4528 179
4528 889
4528 25
4529 4490
4529 989
4529 9
4530 333
4530 14
4530 6
4531 1489
4531 1288
4531 1475
4532 245
4532 3333
4532 1440
4533 669
4533 1682
4533 2441
4534 37
4534 1285
4534 945
4535 3328
4535 2065
4535 17
4536 3698
4536 4
4536 2488
4537 3108
4537 3372
4537 415
4538 395
4538 7
4538 2722
4539 1670
4539 2379
4539 3692
4540 38
4540 20
4540 3065
4541 128
4541 4410
4541 3708
4542 3640
4542 112
4542 2721
4543 2121
4543 2646
4543 149
4544 3464
4544 55
4544 2839
4545 1884
4545 1003
4545 3422
4546 460
4546 93
4546 1068
4547 4379
4547 683
4547 442
4548 1835
4548 505
4548 2234
4549 2311
4549 1519
4549 1766
4550 255
4550 378
4550 168
4551 353
4551 4197
4551 899
4552 1725
4552 820
4552 1028
4553 283
4553 2706
4553 584
4554 1782
4554 1035
4554 3540
4555 2
4555 852
4555 1782
4556 1842
4556 1060
4556 1807
4557 1330
4557 1781
4557 1104
4558 1273
4558 604
4558 4149
4559 378
4559 281
4559 498
4560 2045
4560 1749
4560 1456
4561 3387
4561 1590
4561 4545
4562 1109
4562 686
4562 953
4563 63
4563 35
4563 2
4564 3504
4564 852
4564 731
4565 3814
4565 227
4565 225
4566 1131
4566 709
4566 249
4567 889
4567 4539
4567 20
4568 488
4568 1581
4568 446
4569 1454
4569 2094
4569 160
4570 468
4570 809
4570 3271
4571 389
4571 368
4571 185
4572 34
4572 869
4572 2409
4573 1123
4573 813
4573 1698
4574 2467
4574 3662
4574 1712
4575 3857
4575 757
4575 2330
4576 1123
4576 222
4576 1677
4577 1578
4577 100
4577 56
4578 3674
4578 2981
4578 3998
4579 3678
4579 449
4579 430
4580 4427
4580 7
4580 289
4581 3503
4581 63
4581 33
4582 2
4582 1829
4582 3382
4583 2433
4583 3909
4583 2164
4584 954
4584 6
4584 3230
4585 1895
4585 2702
4585 3264
4586 149
4586 1274
4586 2413
4587 118
4587 121
4587 1563
4588 4118
4588 1669
4588 691
4589 1860
4589 499
4589 1525
4590 1328
4590 46
4590 3377
4591 4492
4591 2488
4591 4118
4592 3795
4592 80
4592 1467
4593 312
4593 67
4593 1634
4594 1120
4594 2190
4594 101
4595 3844
4595 3898
4595 518
4596 1265
4596 1046
4596 57
4597 3678
4597 1191
4597 1923
4598 1673
4598 4401
4598 57
4599 1322
4599 1380
4599 123
4600 3512
4600 215
4600 628
4601 1309
4601 3075
4601 40
4602 1785
4602 610
4602 732
4603 2906
4603 2150
4603 1579
4604 2
4604 3585
4604 486
4605 88
4605 3692
4605 554
4606 3557
4606 3801
4606 4246
4607 2158
4607 285
4607 223
4608 271
4608 1895
4608 3
4609 1229
4609 4605
4609 13
4610 201
4610 1193
4610 4455
4611 2893
4611 628
4611 35
4612 197
4612 3593
4612 516
4613 1525
4613 2742
4613 2960
4614 1012
4614 54
4614 15
4615 3344
4615 2442
4615 290
4616 163
4616 2318
4616 1096
4617 3678
4617 4197
4617 226
4618 91
4618 1496
4618 3896
4619 292
4619 323
4619 3909
4620 654
4620 1553
4620 552
4621 3040
4621 1126
4621 7
4622 32
4622 3082
4622 3241
4623 2040
4623 112
4623 7
4624 25
4624 2580
4624 794
4625 492
4625 7
4625 4
4626 63
4626 4439
4626 462
4627 207
4627 1841
4627 23
4628 1872
4628 158
4628 1551
4629 112
4629 1948
4629 754
4630 477
4630 57
4630 3505
4631 4021
4631 329
4631 23
4632 4375
4632 75
4632 28
4633 2961
4633 533
4633 115
4634 1974
4634 1657
4634 3902
4635 3878
4635 99
4635 455
4636 589
4636 157
4636 230
4637 113
4637 836
4637 3674
4638 2546
4638 1697
4638 2286
4639 102
4639 3651
4639 4419
4640 3793
4640 247
4640 293
4641 2055
4641 1345
4641 4273
4642 340
4642 4310
4642 2401
4643 1690
4643 548
4643 286
4644 1108
4644 1312
4644 1311
4645 3132
4645 1717
4645 292
4646 55
4646 2
4646 659
4647 2582
4647 2630
4647 199
4648 3756
4648 1186
4648 20
4649 2351
4649 207
4649 624
4650 63
4650 964
4650 1209
4651 3320
4651 1469
4651 500
4652 1025
4652 635
4652 1335
4653 1984
4653 273
4653 4269
4654 3531
4654 4227
4654 2821
4655 2948
4655 269
4655 88
4656 550
4656 1701
4656 386
4657 742
4657 773
4657 3998
4658 1047
4658 2040
4658 97
4659 3467
4659 2178
4659 1550
4660 2568
4660 3679
4660 3359
4661 3027
4661 3
4661 2105
4662 632
4662 1560
4662 1331
4663 1444
4663 2781
4663 97
4664 1394
4664 103
4664 123
4665 692
4665 75
4665 4349
4666 220
4666 3184
4666 233
4667 23
4667 2996
4667 107
4668 55
4668 4596
4668 771
4669 833
4669 1765
4669 1591
4670 3561
4670 3112
4670 896
4671 3146
4671 1368
4671 97
4672 2799
4672 3
4672 3585
4673 342
4673 1203
4673 3853
4674 680
4674 1495
4674 604
4675 944
4675 2446
4675 4391
4676 2433
4676 4096
4676 724
4677 9
4677 106
4677 212
4678 3732
4678 366
4678 514
4679 2416
4679 2075
4679 104
4680 185
4680 1810
4680 915
4681 4547
4681 466
4681 942
4682 1558
4682 1434
4682 131
4683 26
4683 2063
4683 1908
4684 1027
4684 1495
4684 174
4685 846
4685 264
4685 3028
4686 57
4686 127
4686 65
4687 170
4687 3690
4687 502
4688 405
4688 290
4688 707
4689 64
4689 2202
4689 711
4690 1861
4690 37
4690 925
4691 2408
4691 2288
4691 3945
4692 3180
4692 2236
4692 2008
4693 1896
4693 3992
4693 367
4694 2515
4694 4164
4694 557
4695 277
4695 3144
4695 4292
4696 3872
4696 3114
4696 2907
4697 121
4697 18
4697 4423
4698 655
4698 88
4698 3
4699 3645
4699 1005
4699 90
4700 7
4700 956
4700 4332
4701 3316
4701 1668
4701 2350
4702 4099
4702 272
4702 1192
4703 4444
4703 475
4703 3191
4704 6
4704 1098
4704 210
4705 395
4705 3847
4705 11
4706 2996
4706 851
4706 2706
4707 519
4707 67
4707 1200
4708 11
4708 249
4708 740
4709 724
4709 8
4709 2075
4710 552
4710 1139
4710 1824
4711 147
4711 1100
4711 224
4712 2701
4712 42
4712 206
4713 1414
4713 492
4713 4617
4714 474
4714 486
4714 3274
4715 20
4715 2605
4715 624
4716 1756
4716 2065
4716 47
4717 3410
4717 2115
4717 1554
4718 406
4718 125
4718 2223
4719 3341
4719 4660
4719 1198
4720 1084
4720 2573
4720 1309
4721 3385
4721 83
4721 98
4722 9
4722 2057
4722 1235
4723 4439
4723 1404
4723 3666
4724 572
4724 3036
4724 3689
4725 341
4725 3216
4725 2132
4726 1684
4726 25
4726 1253
4727 1023
4727 320
4727 1782
4728 522
4728 3757
4728 956
4729 691
4729 115
4729 57
4730 3652
4730 4090
4730 2088
4731 466
4731 855
4731 3029
4732 831
4732 3974
4732 3369
4733 606
4733 1234
4733 2096
4734 910
4734 2309
4734 2113
4735 5
4735 55
4735 57
4736 575
4736 2899
4736 3638
4737 892
4737 2820
4737 3605
4738 2358
4738 110
4738 1051
4739 1107
4739 1919
4739 552
4740 4201
4740 695
4740 5
4741 2678
4741 2718
4741 3505
4742 3757
4742 1754
4742 16
4743 897
4743 3359
4743 623
4744 402
4744 243
4744 608
4745 4267
4745 738
4745 69
4746 4
4746 3463
4746 384
4747 3909
4747 17
4747 4117
4748 6
4748 477
4748 932
4749 3708
4749 678
4749 937
4750 325
4750 852
4750 12
4751 1307
4751 2541
4751 88
4752 137
4752 314
4752 1750
4753 1183
4753 953
4753 1801
4754 86
4754 2690
4754 666
4755 67
4755 1404
4755 2679
4756 2406
4756 4216
4756 2616
4757 3127
4757 1046
4757 1933
4758 3273
4758 3227
4758 2493
4759 988
4759 1086
4759 2751
4760 52
4760 1299
4760 1013
4761 1317
4761 40
4761 1322
4762 610
4762 1390
4762 7
4763 2
4763 4082
4763 3825
4764 691
4764 453
4764 2843
4765 10
4765 13
4765 1481
4766 2005
4766 4719
4766 3385
4767 1864
4767 2280
4767 1967
4768 624
4768 128
4768 3738
4769 333
4769 896
4769 2
4770 74
4770 2150
4770 546
4771 330
4771 338
4771 3842
4772 74
4772 66
4772 28
4773 2350
4773 1728
4773 267
4774 3804
4774 1803
4774 870
4775 122
4775 2972
4775 67
4776 275
4776 201
4776 103
4777 0
4777 19
4777 2578
4778 3489
4778 498
4778 16
4779 734
4779 20
4779 137
4780 1127
4780 3798
4780 16
4781 1432
4781 115
4781 490
4782 5
4782 1144
4782 2369
4783 1090
4783 328
4783 4655
4784 330
4784 4598
4784 4
4785 3420
4785 2823
4785 1649
4786 1756
4786 1608
4786 2439
4787 1111
4787 15
4787 4478
4788 3466
4788 1638
4788 2419
4789 671
4789 3871
4789 1967
4790 976
4790 213
4790 4497
4791 1017
4791 1408
4791 267
4792 359
4792 0
4792 718
4793 3191
4793 300
4793 58
4794 1267
4794 308
4794 3
4795 91
4795 4514
4795 1444
4796 4
4796 748
4796 1266
4797 1945
4797 1864
4797 2627
4798 4368
4798 4291
4798 3132
4799 4291
4799 3060
4799 2253
4800 6
4800 19
4800 10
4801 1324
4801 1442
4801 4369
4802 1734
4802 289
4802 2256
4803 2744
4803 667
4803 15
4804 273
4804 2406
4804 2194
4805 1346
4805 3395
4805 85
4806 3063
4806 3057
4806 3414
4807 4673
4807 2967
4807 555
4808 1693
4808 4175
4808 1538
4809 787
4809 1839
4809 1052
4810 137
4810 91
4810 2251
4811 1514
4811 7
4811 4292
4812 1431
4812 3808
4812 3236
4813 619
4813 4168
4813 5
4814 15
4814 247
4814 569
4815 829
4815 2326
4815 431
4816 695
4816 899
4816 3834
4817 235
4817 17
4817 567
4818 9
4818 75
4818 4577
4819 573
4819 1504
4819 90
4820 3228
4820 66
4820 16
4821 1119
4821 383
4821 2542
4822 1098
4822 13
4822 150
4823 98
4823 19
4823 4438
4824 3763
4824 3568
4824 2410
4825 149
4825 8
4825 3416
4826 1839
4826 3727
4826 2065
4827 1875
4827 2507
4827 3
4828 609
4828 3629
4828 160
4829 78
4829 111
4829 362
4830 7
4830 1615
4830 1084
4831 2565
4831 4048
4831 2087
4832 1701
4832 458
4832 4320
4833 1930
4833 1644
4833 1608
4834 2229
4834 75
4834 271
4835 2142
4835 1128
4835 1877
4836 812
4836 2099
4836 48
4837 3826
4837 448
4837 396
4838 4298
4838 4
4838 28
4839 1920
4839 270
4839 2769
4840 1366
4840 728
4840 2176
4841 1054
4841 2672
4841 1545
4842 3177
4842 303
4842 4738
4843 160
4843 4124
4843 2406
4844 1357
4844 2606
4844 4599
4845 3125
4845 3835
4845 669
4846 3914
4846 145
4846 2730
4847 3606
4847 3857
4847 323
4848 2770
4848 592
4848 1216
4849 418
4849 1612
4849 2222
4850 1195
4850 199
4850 1322
4851 315
4851 3023
4851 192
4852 2425
4852 177
4852 3946
4853 884
4853 1307
4853 906
4854 606
4854 2
4854 742
4855 9
4855 4
4855 3059
4856 153
4856 80
4856 910
4857 2207
4857 2056
4857 7
4858 8
4858 1168
4858 962
4859 254
4859 88
4859 1998
4860 506
4860 4
4860 344
4861 838
4861 29
4861 3616
4862 1403
4862 565
4862 340
4863 4500
4863 1312
4863 90
4864 505
4864 547
4864 82
4865 4108
4865 15
4865 691
4866 176
4866 293
4866 1058
4867 57
4867 2844
4867 150
4868 75
4868 2144
4868 1929
4869 1560
4869 3570
4869 151
4870 74
4870 4823
4870 2307
4871 696
4871 2893
4871 4418
4872 74
4872 1657
4872 1415
4873 2810
4873 1371
4873 99
4874 1170
4874 1074
4874 2
4875 233
4875 3587
4875 3616
4876 4141
4876 289
4876 83
4877 9
4877 252
4877 2
4878 667
4878 4654
4878 38
4879 792
4879 3
4879 9
4880 106
4880 938
4880 3
4881 498
4881 1276
4881 32
4882 49
4882 2630
4882 3363
4883 90
4883 421
4883 3814
4884 864
4884 666
4884 3675
4885 1227
4885 472
4885 76
4886 2
4886 2430
4886 874
4887 3590
4887 845
4887 45
4888 2668
4888 370
4888 3489
4889 104
4889 739
4889 630
4890 11
4890 4848
4890 249
4891 4050
4891 192
4891 813
4892 177
4892 56
4892 2708
4893 1131
4893 1726
4893 2347
4894 1210
4894 1972
4894 3478
4895 3854
4895 1756
4895 3718
4896 3797
4896 696
4896 3394
4897 3741
4897 4442
4897 2682
4898 1780
4898 922
4898 4070
4899 1324
4899 462
4899 239
4900 537
4900 4100
4900 90
4901 2138
4901 423
4901 1400
4902 2633
4902 2378
4902 3
4903 3088
4903 2989
4903 3313
4904 47
4904 3108
4904 44
4905 486
4905 416
4905 3768
4906 480
4906 634
4906 468
4907 666
4907 3976
4907 2069
4908 74
4908 1836
4908 206
4909 26
4909 2247
4909 1013
4910 2579
4910 1307
4910 3465
4911 106
4911 4
4911 251
4912 2332
4912 6
4912 98
4913 55
4913 3507
4913 274
4914 1338
4914 849
4914 1445
4915 217
4915 3998
4915 889
4916 111
4916 57
4916 4403
4917 108
4917 1696
4917 4276
4918 328
4918 936
4918 1396
4919 3988
4919 143
4919 91
4920 1174
4920 383
4920 395
4921 1377
4921 326
4921 910
4922 764
4922 25
4922 7
4923 4607
4923 762
4923 1621
4924 121
4924 492
4924 48
4925 21
4925 4124
4925 3818
4926 2212
4926 24
4926 2588
4927 3367
4927 736
4927 81
4928 2952
4928 4
4928 3788
4929 3326
4929 129
4929 3450
4930 19
4930 3354
4930 2937
4931 880
4931 2206
4931 742
4932 402
4932 831
4932 482
4933 191
4933 426
4933 139
4934 2033
4934 535
4934 147
4935 1525
4935 78
4935 3246
4936 1849
4936 264
4936 2639
4937 1683
4937 1736
4937 1855
4938 2440
4938 91
4938 9
4939 31
4939 577
4939 2315
4940 1045
4940 27
4940 4011
4941 3645
4941 108
4941 3157
4942 3960
4942 4599
4942 1402
4943 3756
4943 73
4943 3247
4944 2014
4944 2666
4944 2782
4945 3606
4945 924
4945 2489
4946 4566
4946 316
4946 869
4947 4692
4947 82
4947 452
4948 2551
4948 3811
4948 1752
4949 1642
4949 1721
4949 3781
4950 1096
4950 4807
4950 4335
4951 2049
4951 1616
4951 3127
4952 1417
4952 4257
4952 1786
4953 3992
4953 251
4953 1670
4954 69
4954 740
4954 758
4955 3967
4955 1102
4955 3580
4956 255
4956 217
4956 524
4957 256
4957 171
4957 4095
4958 489
4958 2360
4958 1014
4959 626
4959 4798
4959 2232
4960 241
4960 855
4960 865
4961 572
4961 3394
4961 3226
4962 2596
4962 384
4962 4677
4963 287
4963 3400
4963 247
4964 561
4964 204
4964 1529
4965 4030
4965 258
4965 3694
4966 9
4966 926
4966 1098
4967 281
4967 487
4967 23
4968 49
4968 4546
4968 614
4969 1755
4969 1489
4969 4604
4970 822
4970 670
4970 273
4971 728
4971 682
4971 1428
4972 1127
4972 1371
4972 1634
4973 2601
4973 580
4973 457
4974 420
4974 212
4974 207
4975 2337
4975 597
4975 4869
4976 2669
4976 2994
4976 427
4977 1521
4977 4393
4977 1605
4978 709
4978 633
4978 3124
4979 8
4979 3316
4979 143
4980 1433
4980 47
4980 968
4981 7
4981 538
4981 1371
4982 2966
4982 4761
4982 476
4983 829
4983 505
4983 1438
4984 1027
4984 4526
4984 1046
4985 2515
4985 1788
4985 557
4986 659
4986 4388
4986 2815
4987 216
4987 1676
4987 4471
4988 1100
4988 320
4988 4574
4989 1851
4989 3462
4989 994
4990 117
4990 245
4990 2265
4991 4049
4991 3029
4991 301
4992 101
4992 4769
4992 569
4993 2932
4993 352
4993 3067
4994 1039
4994 3
4994 3116
4995 2585
4995 2110
4995 4795
4996 2214
4996 174
4996 2510
4997 733
4997 149
4997 4609
4998 2430
4998 64
4998 1317
4999 245
4999 2054
4999 1459
5000 2357
5000 24
5000 3580
5001 382
5001 3237
5001 738
5002 27
5002 30
5002 2086
5003 1798
5003 618
5003 1131
5004 2211
5004 1514
5004 330
5005 6
5005 4379
5005 170
5006 1879
5006 2816
5006 3256
5007 995
5007 650
5007 981
5008 39
5008 293
5008 1329
5009 4551
5009 275
5009 706
5010 4238
5010 133
5010 3911
5011 135
5011 1984
5011 4971
5012 429
5012 2402
5012 1699
5013 3647
5013 2122
5013 1461
5014 2119
5014 4163
5014 234
5015 2477
5015 1135
5015 1733
5016 2929
5016 3839
5016 1139
5017 4562
5017 7
5017 3830
5018 137
5018 3049
5018 1721
5019 4967
5019 105
5019 4
5020 1370
5020 3836
5020 1912
5021 0
5021 1009
5021 5
5022 7
5022 1545
5022 635
5023 3399
5023 1839
5023 2607
5024 2617
5024 3
5024 1527
5025 2286
5025 383
5025 2489
5026 686
5026 1404
5026 2141
5027 2950
5027 59
5027 869
5028 4232
5028 1545
5028 2341
5029 1457
5029 7
5029 1267
5030 786
5030 1496
5030 88
5031 3
5031 1353
5031 2149
5032 3257
5032 22
5032 1068
5033 56
5033 688
5033 2627
5034 4892
5034 1196
5034 97
5035 1663
5035 354
5035 192
5036 110
5036 585
5036 2107
5037 1330
5037 699
5037 86
5038 1450
5038 3312
5038 2564
5039 2352
5039 133
5039 582
5040 350
5040 3917
5040 1414
5041 54
5041 591
5041 3273
5042 690
5042 1554
5042 3330
5043 31
5043 143
5043 1253
5044 2554
5044 2152
5044 1992
5045 3658
5045 13
5045 3907
5046 917
5046 2769
5046 4939
5047 3869
5047 287
5047 81
5048 335
5048 2332
5048 2686
5049 4507
5049 2775
5049 3573
5050 2333
5050 5
5050 504
5051 10
5051 1865
5051 838
5052 1239
5052 2494
5052 5
5053 1673
5053 121
5053 1459
5054 272
5054 3532
5054 105
5055 3823
5055 6
5055 2229
5056 9
5056 20
5056 2701
5057 20
5057 2936
5057 368
5058 140
5058 2776
5058 2466
5059 1875
5059 54
5059 1292
5060 699
5060 61
5060 2488
5061 1591
5061 1051
5061 4597
5062 2295
5062 291
5062 2598
5063 3391
5063 1967
5063 543
5064 429
5064 2044
5064 1190
5065 1462
5065 3397
5065 2532
5066 636
5066 4904
5066 2331
5067 95
5067 1781
5067 2272
5068 3247
5068 2508
5068 71
5069 3909
5069 3669
5069 1280
5070 2162
5070 460
5070 1059
5071 2261
5071 4818
5071 217
5072 35
5072 1142
5072 662
5073 4332
5073 4213
5073 4413
5074 324
5074 1306
5074 3306
5075 1314
5075 19
5075 572
5076 348
5076 706
5076 3299
5077 213
5077 1606
5077 1615
5078 3278
5078 191
5078 1175
5079 1191
5079 4509
5079 222
5080 131
5080 3447
5080 30
5081 4136
5081 114
5081 3519
5082 5081
5082 206
5082 839
5083 188
5083 3586
5083 314
5084 1391
5084 6
5084 3026
5085 930
5085 2202
5085 2832
5086 1237
5086 2436
5086 3441
5087 376
5087 1079
5087 2394
5088 4696
5088 16
5088 1839
5089 2696
5089 16
5089 62
5090 2648
5090 2068
5090 54
5091 166
5091 704
5091 1864
5092 4894
5092 738
5092 2321
5093 839
5093 4696
5093 2476
5094 344
5094 47
5094 2996
5095 2508
5095 2159
5095 3874
5096 30
5096 604
5096 4701
5097 4838
5097 358
5097 2440
5098 3219
5098 1553
5098 2132
5099 1473
5099 168
5099 417
5100 1561
5100 408
5100 3612
5101 16
5101 90
5101 1205
5102 440
5102 55
5102 815
5103 1059
5103 522
5103 1438
5104 1179
5104 1776
5104 3197
5105 3771
5105 66
5105 4164
5106 3092
5106 1403
5106 3822
5107 419
5107 4586
5107 4312
5108 5028
5108 4026
5108 1189
5109 4144
5109 696
5109 329
5110 3223
5110 3075
5110 1085
5111 1158
5111 1530
5111 293
5112 606
5112 662
5112 30
5113 580
5113 4487
5113 4097
5114 5
5114 2146
5114 630
5115 4549
5115 3
5115 1198
5116 208
5116 19
5116 4148
5117 3781
5117 1080
5117 699
5118 945
5118 1464
5118 240
5119 4019
5119 58
5119 2970
5120 4726
5120 1092
5120 978
5121 4122
5121 149
5121 641
5122 2335
5122 1078
5122 3527
5123 1831
5123 533
5123 756
5124 3987
5124 232
5124 1326
5125 1152
5125 599
5125 3678
5126 75
5126 168
5126 1169
5127 143
5127 3771
5127 3654
5128 795
5128 1562
5128 910
5129 762
5129 572
5129 2860
5130 863
5130 2504
5130 4456
5131 27
5131 3002
5131 449
5132 2419
5132 80
5132 1768
5133 4083
5133 782
5133 2210
5134 4493
5134 4885
5134 3829
5135 1795
5135 1150
5135 330
5136 2854
5136 1996
5136 1027
5137 1932
5137 4424
5137 3760
5138 1778
5138 1192
5138 3477
5139 3042
5139 219
5139 2792
5140 1716
5140 3062
5140 482
5141 22
5141 610
5141 946
5142 2284
5142 1517
5142 3726
5143 26
5143 161
5143 2977
5144 704
5144 58
5144 298
5145 1369
5145 581
5145 1390
5146 20
5146 623
5146 155
5147 420
5147 2834
5147 4164
5148 2243
5148 402
5148 810
5149 2051
5149 547
5149 131
5150 366
5150 939
5150 2207
5151 1682
5151 929
5151 192
5152 1486
5152 3817
5152 450
5153 4565
5153 1614
5153 3099
5154 1431
5154 2357
5154 84
5155 2492
5155 1461
5155 102
5156 3531
5156 213
5156 2962
5157 1048
5157 147
5157 2508
5158 1063
5158 704
5158 16
5159 1569
5159 623
5159 3299
5160 23
5160 1378
5160 323
5161 968
5161 65
5161 1096
5162 899
5162 524
5162 7
5163 450
5163 63
5163 3328
5164 5
5164 3618
5164 1068
5165 2406
5165 1948
5165 4092
5166 284
5166 1790
5166 1012
5167 9
5167 4805
5167 3184
5168 35
5168 227
5168 137
5169 177
5169 2574
5169 405
5170 2387
5170 440
5170 2978
5171 492
5171 3991
5171 578
5172 16
5172 2
5172 3244
5173 248
5173 326
5173 3610
5174 7
5174 2090
5174 1477
5175 3883
5175 1864
5175 1505
5176 225
5176 1293
5176 1416
5177 489
5177 415
5177 1369
5178 227
5178 1250
5178 256
5179 3212
5179 103
5179 608
5180 1377
5180 4902
5180 399
5181 1400
5181 3317
5181 4211
5182 14
5182 65
5182 3505
5183 1435
5183 219
5183 50
5184 2773
5184 4519
5184 2699
5185 272
5185 12
5185 3
5186 718
5186 1368
5186 415
5187 3635
5187 429
5187 656
5188 2678
5188 1340
5188 23
5189 3
5189 1017
5189 1225
5190 4616
5190 829
5190 334
5191 997
5191 3161
5191 972
5192 938
5192 3885
5192 1967
5193 4973
5193 96
5193 281
5194 2004
5194 1718
5194 160
5195 20
5195 1358
5195 1326
5196 137
5196 289
5196 1398
5197 3326
5197 4092
5197 2670
5198 3242
5198 1898
5198 1084
5199 1462
5199 16
5199 1730
5200 5152
5200 2873
5200 493
5201 1622
5201 150
5201 4
5202 221
5202 56
5202 405
5203 4095
5203 4501
5203 4842
5204 4225
5204 72
5204 268
5205 3925
5205 2549
5205 1959
5206 1584
5206 956
5206 1734
5207 724
5207 28
5207 508
5208 1588
5208 4751
5208 3146
5209 779
5209 1812
5209 2135
5210 3290
5210 3
5210 262
5211 1953
5211 67
5211 2958
5212 4643
5212 1096
5212 645
5213 231
5213 4008
5213 602
5214 631
5214 12
5214 2341
5215 48
5215 4185
5215 4689
5216 164
5216 1548
5216 694
5217 2855
5217 321
5217 1258
5218 4760
5218 766
5218 4753
5219 2404
5219 20
5219 2050
5220 4672
5220 5204
5220 3846
5221 994
5221 2920
5221 3129
5222 792
5222 1623
5222 3183
5223 2507
5223 1287
5223 869
5224 1288
5224 2403
5224 2305
5225 965
5225 5059
5225 2647
5226 3007
5226 331
5226 221
5227 1744
5227 4955
5227 1069
5228 226
5228 5162
5228 283
5229 3878
5229 169
5229 1736
5230 4335
5230 1164
5230 599
5231 510
5231 24
5231 610
5232 23
5232 5198
5232 1011
5233 2198
5233 1122
5233 47
5234 3945
5234 7
5234 253
5235 366
5235 4082
5235 1573
5236 2376
5236 1528
5236 1005
5237 11
5237 931
5237 829
5238 1265
5238 245
5238 547
5239 510
5239 2577
5239 345
5240 3048
5240 1721
5240 11
5241 1158
5241 3110
5241 4301
5242 2296
5242 489
5242 4020
5243 3236
5243 5
5243 2209
5244 2004
5244 1014
5244 107
5245 7
5245 1281
5245 424
5246 4394
5246 4793
5246 17
5247 5204
5247 373
5247 2315
5248 2406
5248 323
5248 4939
5249 301
5249 1425
5249 3070
5250 252
5250 657
5250 2377
5251 1684
5251 232
5251 1875
5252 1742
5252 3747
5252 782
5253 748
5253 2494
5253 2025
5254 1623
5254 105
5254 2944
5255 241
5255 1564
5255 2130
5256 119
5256 4
5256 1466
5257 1087
5257 131
5257 1739
5258 102
5258 2438
5258 4589
5259 4144
5259 1027
5259 2079
5260 199
5260 1163
5260 558
5261 4302
5261 1530
5261 1229
5262 1256
5262 1222
5262 97
5263 1182
5263 4927
5263 411
5264 5224
5264 699
5264 1669
5265 929
5265 4711
5265 4043
5266 3255
5266 189
5266 3463
5267 552
5267 514
5267 2874
5268 3662
5268 2618
5268 3442
5269 1360
5269 42
5269 1481
5270 3317
5270 11
5270 2677
5271 9
5271 795
5271 2253
5272 11
5272 406
5272 4176
5273 71
5273 372
5273 151
5274 2053
5274 111
5274 368
5275 56
5275 2347
5275 4445
5276 4091
5276 2810
5276 1
5277 2579
5277 2944
5277 864
5278 1475
5278 1557
5278 1193
5279 1678
5279 0
5279 1187
5280 1840
5280 1124
5280 1181
5281 20
5281 1462
5281 2625
5282 5025
5282 849
5282 4433
5283 1404
5283 936
5283 129
5284 3467
5284 0
5284 669
5285 710
5285 1718
5285 4033
5286 4852
5286 385
5286 978
5287 80
5287 510
5287 228
5288 344
5288 253
5288 2126
5289 1618
5289 3961
5289 295
5290 76
5290 1674
5290 4897
5291 1684
5291 201
5291 2108
5292 668
5292 2850
5292 1795
5293 261
5293 3385
5293 504
5294 5133
5294 3515
5294 846
5295 467
5295 104
5295 3032
5296 3708
5296 88
5296 1346
5297 685
5297 3932
5297 2938
5298 5281
5298 706
5298 675
5299 7
5299 1030
5299 3387
5300 940
5300 1524
5300 1
5301 1782
5301 3551
5301 5117
5302 3638
5302 139
5302 996
5303 3509
5303 2428
5303 4514
5304 4389
5304 1225
5304 662
5305 2474
5305 2081
5305 1822
5306 4668
5306 109
5306 296
5307 2495
5307 3864
5307 5180
5308 4015
5308 3229
5308 1783
5309 5246
5309 233
5309 30
5310 5243
5310 144
5310 552
5311 1226
5311 15
5311 805
5312 226
5312 163
5312 553
5313 836
5313 50
5313 1659
5314 106
5314 1490
5314 2726
5315 454
5315 2080
5315 2110
5316 1490
5316 2732
5316 901
5317 2172
5317 4015
5317 9
5318 912
5318 1083
5318 281
5319 384
5319 2068
5319 11
5320 12
5320 421
5320 1631
5321 2767
5321 931
5321 775
5322 2102
5322 3114
5322 3121
5323 1293
5323 629
5323 1108
5324 2551
5324 123
5324 2258
5325 187
5325 3812
5325 2351
5326 2798
5326 1041
5326 839
5327 75
5327 2599
5327 941
5328 225
5328 80
5328 366
5329 626
5329 226
5329 755
5330 3443
5330 659
5330 177
5331 1407
5331 3585
5331 273
5332 108
5332 337
5332 3111
5333 839
5333 1496
5333 3419
5334 1182
5334 3429
5334 113
5335 631
5335 54
5335 3264
5336 1059
5336 75
5336 938
5337 1458
5337 419
5337 2416
5338 3247
5338 328
5338 82
5339 426
5339 42
5339 2813
5340 1816
5340 1782
5340 378
5341 31
5341 7
5341 1439
5342 855
5342 2464
5342 199
5343 2627
5343 4731
5343 2624
5344 131
5344 347
5344 55
5345 6
5345 1663
5345 2584
5346 952
5346 3480
5346 2087
5347 504
5347 4922
5347 23
5348 3215
5348 2558
5348 2877
5349 949
5349 1315
5349 3381
5350 80
5350 2232
5350 217
5351 1520
5351 849
5351 1902
5352 353
5352 725
5352 1547
5353 5314
5353 186
5353 1054
5354 403
5354 2835
5354 3239
5355 4955
5355 737
5355 35
5356 3733
5356 492
5356 4946
5357 48
5357 1048
5357 1599
5358 2558
5358 1697
5358 3727
5359 212
5359 2697
5359 2887
5360 4474
5360 1190
5360 910
5361 3
5361 7
5361 583
5362 12
5362 4839
5362 2128
5363 3587
5363 4948
5363 277
5364 4885
5364 3979
5364 926
5365 389
5365 65
5365 572
5366 1377
5366 2821
5366 3592
5367 23
5367 1193
5367 2054
5368 2402
5368 1921
5368 3851
5369 4552
5369 1059
5369 45
5370 4065
5370 4670
5370 108
5371 1351
5371 597
5371 462
5372 690
5372 2352
5372 2341
5373 1845
5373 5189
5373 4191
5374 1542
5374 2076
5374 2522
5375 340
5375 3229
5375 435
5376 840
5376 1800
5376 2749
5377 184
5377 524
5377 340
5378 249
5378 4752
5378 3043
5379 2771
5379 746
5379 278
5380 40
5380 3221
5380 1801
5381 4
5381 2781
5381 4062
5382 572
5382 1773
5382 36
5383 4866
5383 2867
5383 1558
5384 162
5384 354
5384 2941
5385 2274
5385 782
5385 561
5386 63
5386 54
5386 1127
5387 2230
5387 4895
5387 1266
5388 3862
5388 943
5388 4080
5389 2
5389 775
5389 2623
5390 1723
5390 1080
5390 40
5391 1458
5391 5053
5391 3768
5392 945
5392 843
5392 24
5393 1736
5393 695
5393 3584
5394 13
5394 4731
5394 786
5395 4360
5395 5333
5395 323
5396 4611
5396 4932
5396 3464
5397 744
5397 4343
5397 4667
5398 1104
5398 1773
5398 1585
5399 5
5399 3738
5399 1880
5400 1610
5400 48
5400 323
5401 447
5401 1029
5401 48
5402 4902
5402 459
5402 4989
5403 3082
5403 5160
5403 1579
5404 5019
5404 466
5404 2503
5405 3
5405 3117
5405 696
5406 3857
5406 2472
5406 3133
5407 4951
5407 2158
5407 4105
5408 114
5408 5276
5408 1749
5409 2077
5409 3028
5409 696
5410 2725
5410 3754
5410 2356
5411 882
5411 2922
5411 3869
5412 2999
5412 1537
5412 4182
5413 2712
5413 4383
5413 368
5414 315
5414 972
5414 38
5415 3206
5415 860
5415 3069
5416 4389
5416 1108
5416 2862
5417 1320
5417 1642
5417 1777
5418 215
5418 522
5418 123
5419 368
5419 140
5419 2033
5420 3737
5420 4471
5420 2746
5421 176
5421 1480
5421 476
5422 4268
5422 1503
5422 2389
5423 138
5423 30
5423 495
5424 4
5424 224
5424 3770
5425 455
5425 5152
5425 17
5426 3
5426 528
5426 1590
5427 4549
5427 95
5427 1177
5428 2855
5428 384
5428 15
5429 26
5429 1713
5429 3572
5430 897
5430 382
5430 4233
5431 3768
5431 4417
5431 3254
5432 4490
5432 3123
5432 1175
5433 696
5433 352
5433 3648
5434 2780
5434 155
5434 1399
5435 246
5435 30
5435 158
5436 2913
5436 270
5436 23
5437 618
5437 2594
5437 17
5438 1132
5438 5272
5438 3703
5439 6
5439 1623
5439 334
5440 420
5440 111
5440 233
5441 4710
5441 3285
5441 3244
5442 467
5442 28
5442 352
5443 138
5443 3193
5443 2413
5444 2066
5444 1132
5444 2065
5445 1479
5445 809
5445 5
5446 1769
5446 60
5446 5420
5447 5437
5447 982
5447 548
5448 3732
5448 4901
5448 2923
5449 706
5449 2010
5449 5152
5450 648
5450 148
5450 3485
5451 234
5451 1266
5451 1699
5452 2195
5452 20
5452 52
5453 5221
5453 2726
5453 1288
5454 2318
5454 2866
5454 4714
5455 3346
5455 2392
5455 742
5456 251
5456 5443
5456 2922
5457 2348
5457 303
5457 5094
5458 3790
5458 2948
5458 5393
5459 1007
5459 2131
5459 1115
5460 55
5460 5261
5460 1810
5461 431
5461 778
5461 662
5462 3723
5462 353
5462 641
5463 872
5463 4221
5463 3610
5464 641
5464 4596
5464 3
5465 2700
5465 1239
5465 31
5466 5152
5466 3401
5466 1345
5467 353
5467 1420
5467 1199
5468 1210
5468 1899
5468 1338
5469 2392
5469 488
5469 829
5470 1729
5470 5123
5470 111
5471 1375
5471 2901
5471 4456
5472 150
5472 1134
5472 442
5473 3151
5473 2801
5473 219
5474 459
5474 253
5474 3255
5475 4401
5475 1458
5475 5276
5476 20
5476 3
5476 570
5477 379
5477 1335
5477 2861
5478 2881
5478 1071
5478 1232
5479 3068
5479 3947
5479 1462
5480 5243
5480 973
5480 3047
5481 528
5481 1486
5481 140
5482 1994
5482 492
5482 4369
5483 4764
5483 1912
5483 3970
5484 1638
5484 3048
5484 4966
5485 749
5485 4158
5485 1839
5486 4309
5486 149
5486 5155
5487 3851
5487 4378
5487 4341
5488 765
5488 1926
5488 5267
5489 38
5489 5096
5489 3236
5490 3174
5490 248
5490 2494
5491 3446
5491 1418
5491 9
5492 1015
5492 498
5492 3111
5493 178
5493 97
5493 550
5494 4872
5494 3112
5494 1400
5495 2952
5495 1064
5495 412
5496 4105
5496 2121
5496 155
5497 5275
5497 7
5497 2002
5498 89
5498 2369
5498 2382
5499 34
5499 9
5499 12
5500 2516
5500 733
5500 332
5501 4985
5501 420
5501 2921
5502 157
5502 1237
5502 937
5503 897
5503 14
5503 57
5504 20
5504 91
5504 4299
5505 3279
5505 222
5505 583
5506 1346
5506 1454
5506 995
5507 2023
5507 208
5507 466
5508 1850
5508 3153
5508 3
5509 320
5509 4309
5509 1108
5510 12
5510 3436
5510 271
5511 3847
5511 14
5511 512
5512 280
5512 1357
5512 99
5513 3
5513 929
5513 4516
5514 13
5514 5167
5514 3143
5515 3227
5515 3273
5515 1608
5516 944
5516 2252
5516 782
5517 1640
5517 75
5517 3
5518 4358
5518 189
5518 705
5519 157
5519 27
5519 5207
5520 5153
5520 660
5520 2885
5521 112
5521 2031
5521 2569
5522 56
5522 2212
5522 323
5523 525
5523 36
5523 1562
5524 396
5524 2774
5524 136
5525 2433
5525 252
5525 2247
5526 3029
5526 3966
5526 1847
5527 2115
5527 4881
5527 749
5528 1347
5528 2106
5528 3434
5529 1078
5529 7
5529 902
5530 21
5530 3143
5530 5048
5531 3915
5531 5112
5531 1363
5532 334
5532 289
5532 106
5533 661
5533 897
5533 981
5534 783
5534 2375
5534 5387
5535 4705
5535 1128
5535 556
5536 13
5536 3926
5536 733
5537 1146
5537 3455
5537 226
5538 1697
5538 2623
5538 5060
5539 1863
5539 2079
5539 7
5540 1752
5540 257
5540 4933
5541 27
5541 168
5541 3597
5542 2644
5542 3023
5542 828
5543 1218
5543 2936
5543 343
5544 250
5544 1917
5544 986
5545 1890
5545 210
5545 71
5546 2203
5546 537
5546 377
5547 492
5547 704
5547 678
5548 29
5548 3217
5548 28
5549 4709
5549 1703
5549 4483
5550 1475
5550 50
5550 176
5551 875
5551 1657
5551 470
5552 1527
5552 4260
5552 406
5553 1517
5553 50
5553 4539
5554 138
5554 1367
5554 30
5555 331
5555 3707
5555 3997
5556 31
5556 33
5556 5274
5557 54
5557 1767
5557 9
5558 778
5558 2148
5558 23
5559 34
5559 11
5559 3359
5560 256
5560 3329
5560 1260
5561 941
5561 2265
5561 1752
5562 978
5562 368
5562 34
5563 78
5563 1864
5563 1872
5564 3784
5564 2644
5564 7
5565 1096
5565 5030
5565 514
5566 2821
5566 75
5566 2773
5567 3205
5567 4725
5567 3236
5568 1174
5568 3187
5568 4000
5569 292
5569 4530
5569 4518
5570 7
5570 3648
5570 1887
5571 4210
5571 1408
5571 1615
5572 5005
5572 470
5572 333
5573 5138
5573 2147
5573 3
5574 32
5574 344
5574 1440
5575 324
5575 19
5575 2275
5576 399
5576 3956
5576 468
5577 2996
5577 938
5577 2072
5578 403
5578 3579
5578 5260
5579 3171
5579 1623
5579 4408
5580 5152
5580 21
5580 127
5581 5403
5581 1479
5581 2099
5582 1307
5582 1161
5582 3375
5583 2516
5583 306
5583 3174
5584 3368
5584 3950
5584 141
5585 4826
5585 968
5585 3094
5586 3658
5586 643
5586 562
5587 1046
5587 1363
5587 421
5588 3382
5588 2202
5588 905
5589 4660
5589 551
5589 141
5590 403
5590 1077
5590 1876
5591 240
5591 2178
5591 2978
5592 2
5592 71
5592 1483
5593 1277
5593 146
5593 207
5594 801
5594 994
5594 2782
5595 443
5595 80
5595 2498
5596 2897
5596 3319
5596 4852
5597 81
5597 1676
5597 305
5598 272
5598 217
5598 2781
5599 5490
5599 353
5599 231
5600 4715
5600 3204
5600 1685
5601 5164
5601 4743
5601 3125
5602 9
5602 4831
5602 185
5603 1360
5603 918
5603 4298
5604 3196
5604 336
5604 1247
5605 1431
5605 4648
5605 114
5606 4901
5606 1175
5606 1596
5607 4885
5607 4848
5607 2309
5608 138
5608 3829
5608 1183
5609 1509
5609 3691
5609 3185
5610 2448
5610 2784
5610 723
5611 2979
5611 5477
5611 8
5612 858
5612 4471
5612 47
5613 4845
5613 4104
5613 540
5614 3637
5614 128
5614 997
5615 0
5615 1701
5615 3987
5616 3092
5616 3139
5616 284
5617 249
5617 16
5617 4280
5618 5362
5618 2008
5618 1830
5619 82
5619 2959
5619 1655
5620 853
5620 113
5620 335
5621 4236
5621 700
5621 4526
5622 2445
5622 407
5622 12
5623 978
5623 182
5623 468
5624 4552
5624 805
5624 3662
5625 3381
5625 505
5625 5048
5626 3923
5626 224
5626 3510
5627 1960
5627 366
5627 471
5628 2748
5628 1306
5628 247
5629 463
5629 2466
5629 486
5630 1121
5630 2671
5630 2317
5631 617
5631 977
5631 1653
5632 2241
5632 2392
5632 5382
5633 67
5633 145
5633 1731
5634 293
5634 3185
5634 4890
5635 340
5635 1326
5635 1278
5636 5261
5636 5363
5636 1332
5637 667
5637 7
5637 3729
5638 36
5638 1617
5638 890
5639 1500
5639 334
5639 719
5640 335
5640 321
5640 353
5641 1340
5641 98
5641 1696
5642 743
5642 4356
5642 655
5643 2419
5643 969
5643 246
5644 1089
5644 3851
5644 4165
5645 4428
5645 1002
5645 946
5646 1704
5646 317
5646 3719
5647 4936
5647 1774
5647 28
5648 377
5648 847
5648 1026
5649 2741
5649 3742
5649 2874
5650 137
5650 69
5650 2139
5651 786
5651 3864
5651 459
5652 1088
5652 4329
5652 3224
5653 543
5653 2782
5653 187
5654 1489
5654 1921
5654 1725
5655 1658
5655 1654
5655 328
5656 5
5656 4739
5656 618
5657 2644
5657 3197
5657 5642
5658 3997
5658 818
5658 1326
5659 1967
5659 4677
5659 1308
5660 1257
5660 3917
5660 383
5661 1302
5661 3334
5661 1721
5662 3589
5662 989
5662 470
5663 4983
5663 2941
5663 1954
5664 615
5664 1625
5664 2823
5665 5491
5665 1163
5665 1758
5666 236
5666 5198
5666 2186
5667 17
5667 3747
5667 2333
5668 885
5668 335
5668 14
5669 216
5669 9
5669 480
5670 610
5670 151
5670 5391
5671 712
5671 1377
5671 762
5672 12
5672 15
5672 3138
5673 129
5673 20
5673 4
5674 3404
5674 1485
5674 75
5675 610
5675 1904
5675 783
5676 445
5676 4615
5676 1401
5677 2391
5677 4656
5677 3697
5678 2600
5678 2109
5678 908
5679 2330
5679 2767
5679 3284
5680 85
5680 61
5680 222
5681 176
5681 2625
5681 3095
5682 486
5682 22
5682 2265
5683 5610
5683 2618
5683 90
5684 2094
5684 366
5684 900
5685 2726
5685 1530
5685 1742
5686 43
5686 3791
5686 938
5687 1602
5687 5148
5687 2488
5688 5125
5688 5333
5688 671
5689 896
5689 3717
5689 4531
5690 121
5690 97
5690 137
5691 5648
5691 402
5691 297
5692 1684
5692 869
5692 489
5693 127
5693 2019
5693 6
5694 921
5694 1039
5694 2491
5695 3
5695 1432
5695 5476
5696 414
5696 3674
5696 2817
5697 4432
5697 3827
5697 30
5698 5638
5698 5358
5698 4633
5699 609
5699 3266
5699 3736
5700 3132
5700 1335
5700 1058
5701 483
5701 3134
5701 2345
5702 518
5702 4917
5702 4960
5703 405
5703 2679
5703 5246
5704 5596
5704 1237
5704 5487
5705 3276
5705 328
5705 3678
5706 3284
5706 2778
5706 4374
5707 1326
5707 1236
5707 5637
5708 4020
5708 1868
5708 751
5709 944
5709 5606
5709 465
5710 235
5710 176
5710 3018
5711 2098
5711 241
5711 1737
5712 2
5712 276
5712 1865
5713 1672
5713 4564
5713 89
5714 981
5714 362
5714 5160
5715 786
5715 2136
5715 2604
5716 4505
5716 173
5716 962
5717 5643
5717 475
5717 2943
5718 51
5718 244
5718 4
5719 56
5719 166
5719 4223
5720 366
5720 5
5720 90
5721 4634
5721 4744
5721 3
5722 3862
5722 2897
5722 280
5723 4172
5723 925
5723 7
5724 4642
5724 4092
5724 2320
5725 748
5725 4799
5725 1778
5726 1083
5726 173
5726 1175
5727 1371
5727 2955
5727 5567
5728 1979
5728 466
5728 4292
5729 146
5729 81
5729 533
5730 63
5730 3849
5730 4091
5731 220
5731 788
5731 910
5732 3960
5732 125
5732 5521
5733 1101
5733 4530
5733 75
5734 137
5734 207
5734 360
5735 128
5735 818
5735 5436
5736 4387
5736 1248
5736 2222
5737 281
5737 47
5737 395
5738 4
5738 1038
5738 1638
5739 999
5739 2644
5739 1628
5740 751
5740 403
5740 122
5741 1239
5741 2294
5741 242
5742 3757
5742 737
5742 1834
5743 1742
5743 786
5743 207
5744 31
5744 3446
5744 2325
5745 3372
5745 20
5745 932
5746 1435
5746 206
5746 2347
5747 696
5747 2614
5747 2184
5748 5145
5748 1014
5748 5032
5749 5670
5749 367
5749 2109
5750 2206
5750 34
5750 3781
5751 430
5751 1274
5751 4959
5752 657
5752 253
5752 1611
5753 411
5753 2537
5753 1778
5754 953
5754 2451
5754 5489
5755 1663
5755 2827
5755 126
5756 19
5756 87
5756 1807
5757 2932
5757 3814
5757 5692
5758 997
5758 3906
5758 301
5759 699
5759 735
5759 4368
5760 2386
5760 2042
5760 515
5761 3566
5761 789
5761 3131
5762 2791
5762 1081
5762 2990
5763 944
5763 1341
5763 441
5764 1751
5764 265
5764 22
5765 67
5765 1730
5765 54
5766 502
5766 3312
5766 1411
5767 2977
5767 400
5767 2272
5768 2725
5768 1380
5768 5474
5769 4939
5769 583
5769 4239
5770 1998
5770 56
5770 4169
5771 202
5771 749
5771 2313
5772 28
5772 112
5772 1182
5773 1758
5773 1084
5773 66
5774 1746
5774 4526
5774 5434
5775 4572
5775 1434
5775 1888
5776 56
5776 2309
5776 2706
5777 705
5777 2929
5777 4321
5778 2354
5778 4600
5778 315
5779 3879
5779 547
5779 185
5780 3151
5780 1335
5780 940
5781 1440
5781 4415
5781 1865
5782 1543
5782 59
5782 1558
5783 3961
5783 4903
5783 1005
5784 1862
5784 943
5784 780
5785 2
5785 2419
5785 3223
5786 3183
5786 3648
5786 345
5787 5096
5787 7
5787 41
5788 205
5788 2675
5788 11
5789 4437
5789 2025
5789 3385
5790 626
5790 449
5790 1167
5791 1074
5791 738
5791 4979
5792 5423
5792 2963
5792 2248
5793 3184
5793 3638
5793 1653
5794 3519
5794 4820
5794 419
5795 5647
5795 1128
5795 4272
5796 2547
5796 4743
5796 2207
5797 4093
5797 132
5797 20
5798 99
5798 194
5798 2036
5799 2438
5799 2085
5799 452
5800 55
5800 1438
5800 3793
5801 4596
5801 522
5801 1975
5802 840
5802 1476
5802 70
5803 667
5803 514
5803 3658
5804 490
5804 232
5804 5330
5805 15
5805 628
5805 1151
5806 1869
5806 5369
5806 1606
5807 23
5807 186
5807 4417
5808 3699
5808 961
5808 5025
5809 1292
5809 176
5809 1363
5810 2263
5810 2252
5810 63
5811 5131
5811 149
5811 232
5812 1363
5812 3273
5812 482
5813 98
5813 840
5813 5619
5814 16
5814 463
5814 4164
5815 5051
5815 1948
5815 3137
5816 2832
5816 4818
5816 1669
5817 3946
5817 4904
5817 96
5818 11
5818 1008
5818 5589
5819 3986
5819 1748
5819 3284
5820 2199
5820 197
5820 3067
5821 3659
5821 2109
5821 611
5822 520
5822 3962
5822 5281
5823 626
5823 1445
5823 1452
5824 604
5824 498
5824 2402
5825 1116
5825 376
5825 2314
5826 2231
5826 104
5826 488
5827 4916
5827 3060
5827 525
5828 219
5828 578
5828 5694
5829 3439
5829 2980
5829 4848
5830 150
5830 844
5830 5018
5831 500
5831 698
5831 5274
5832 23
5832 1575
5832 80
5833 1341
5833 2866
5833 90
5834 1940
5834 790
5834 4492
5835 1364
5835 361
5835 236
5836 5826
5836 329
5836 494
5837 3155
5837 1309
5837 1466
5838 0
5838 99
5838 42
5839 4599
5839 42
5839 1046
5840 3055
5840 23
5840 384
5841 368
5841 1555
5841 877
5842 144
5842 2955
5842 3696
5843 122
5843 1992
5843 5
5844 3438
5844 887
5844 783
5845 429
5845 1327
5845 3121
5846 2206
5846 979
5846 19
5847 331
5847 33
5847 2250
5848 4260
5848 3542
5848 2682
5849 176
5849 5585
5849 4483
5850 207
5850 623
5850 2202
5851 618
5851 4144
5851 2033
5852 49
5852 4434
5852 4852
5853 1197
5853 3194
5853 2593
5854 5615
5854 75
5854 1770
5855 13
5855 3489
5855 4643
5856 1979
5856 2034
5856 7
5857 2480
5857 1044
5857 255
5858 2518
5858 4189
5858 4391
5859 5251
5859 3401
5859 12
5860 9
5860 5348
5860 5304
5861 522
5861 3584
5861 2004
5862 74
5862 480
5862 3569
5863 2113
5863 3169
5863 749
5864 4121
5864 3582
5864 208
5865 5356
5865 1736
5865 2768
5866 4742
5866 5782
5866 2955
5867 13
5867 364
5867 4655
5868 818
5868 496
5868 5273
5869 27
5869 4562
5869 1653
5870 363
5870 597
5870 4556
5871 5177
5871 2988
5871 1358
5872 506
5872 4229
5872 1135
5873 575
5873 3990
5873 2972
5874 7
5874 686
5874 485
5875 3456
5875 3
5875 208
5876 3651
5876 3741
5876 5498
5877 1309
5877 432
5877 3662
5878 2455
5878 4260
5878 1911
5879 375
5879 2537
5879 3089
5880 2774
5880 314
5880 7
5881 2
5881 880
5881 196
5882 3029
5882 23
5882 1774
5883 2240
5883 5072
5883 691
5884 2739
5884 641
5884 1253
5885 936
5885 1117
5885 5021
5886 2567
5886 1880
5886 114
5887 2975
5887 5808
5887 361
5888 861
5888 4375
5888 453
5889 1948
5889 4314
5889 4051
5890 3044
5890 1810
5890 5773
5891 1871
5891 3023
5891 1879
5892 4852
5892 4632
5892 1767
5893 1558
5893 2848
5893 540
5894 1294
5894 170
5894 4779
5895 2814
5895 2268
5895 1674
5896 5011
5896 249
5896 3
5897 3016
5897 897
5897 5221
5898 3986
5898 445
5898 3662
5899 5212
5899 944
5899 334
5900 2921
5900 194
5900 3147
5901 229
5901 4688
5901 5590
5902 3769
5902 5218
5902 48
5903 2185
5903 4420
5903 4015
5904 1902
5904 91
5904 1344
5905 1446
5905 35
5905 1395
5906 3287
5906 4005
5906 12
5907 3067
5907 1525
5907 2827
5908 5167
5908 2272
5908 1479
5909 497
5909 1234
5909 13
5910 2404
5910 452
5910 1885
5911 3354
5911 470
5911 220
5912 1932
5912 4541
5912 149
5913 24
5913 5675
5913 8
5914 779
5914 3801
5914 3991
5915 322
5915 1598
5915 1589
5916 5238
5916 19
5916 4042
5917 9
5917 66
5917 818
5918 3208
5918 3
5918 16
5919 393
5919 326
5919 5375
5920 1115
5920 2236
5920 5299
5921 402
5921 189
5921 480
5922 7
5922 69
5922 23
5923 3653
5923 635
5923 867
5924 3114
5924 991
5924 65
5925 127
5925 192
5925 902
5926 71
5926 996
5926 1185
5927 1685
5927 2556
5927 39
5928 1585
5928 1571
5928 7
5929 40
5929 2750
5929 1694
5930 297
5930 1116
5930 12
5931 409
5931 4565
5931 304
5932 5256
5932 5348
5932 4850
5933 450
5933 2457
5933 133
5934 1737
5934 1053
5934 3048
5935 2803
5935 3509
5935 610
5936 931
5936 35
5936 5659
5937 708
5937 1125
5937 257
5938 1176
5938 682
5938 1061
5939 331
5939 5473
5939 2760
5940 30
5940 855
5940 869
5941 1708
5941 4986
5941 150
5942 2626
5942 1070
5942 33
5943 2258
5943 179
5943 25
5944 4540
5944 55
5944 1917
5945 6
5945 4485
5945 57
5946 842
5946 248
5946 4574
5947 1138
5947 4087
5947 4843
5948 3249
5948 2389
5948 5723
5949 3
5949 96
5949 56
5950 988
5950 2923
5950 867
5951 5
5951 1967
5951 4546
5952 443
5952 893
5952 1753
5953 2885
5953 2704
5953 2721
5954 65
5954 2944
5954 4653
5955 16
5955 2919
5955 4061
5956 3274
5956 230
5956 555
5957 1624
5957 5634
5957 1669
5958 108
5958 514
5958 42
5959 358
5959 688
5959 2503
5960 3759
5960 696
5960 5011
5961 150
5961 5400
5961 566
5962 280
5962 2792
5962 3174
5963 3561
5963 0
5963 2532
5964 37
5964 55
5964 1054
5965 1458
5965 1164
5965 903
5966 3458
5966 7
5966 4474
5967 1656
5967 4303
5967 337
5968 2108
5968 1657
5968 5745
5969 46
5969 2998
5969 318
5970 5550
5970 403
5970 3453
5971 972
5971 4
5971 1184
5972 20
5972 3594
5972 207
5973 2429
5973 3819
5973 112
5974 4675
5974 4881
5974 1485
5975 4440
5975 4030
5975 537
5976 488
5976 2075
5976 1446
5977 5301
5977 2716
5977 2076
5978 33
5978 3260
5978 1939
5979 2707
5979 1307
5979 2417
5980 3530
5980 2238
5980 2422
5981 2668
5981 5680
5981 63
5982 2479
5982 2844
5982 704
5983 4368
5983 5812
5983 2133
5984 2262
5984 4256
5984 123
5985 146
5985 69
5985 1155
5986 3844
5986 636
5986 2113
5987 5518
5987 4051
5987 3563
5988 0
5988 1096
5988 1639
5989 8
5989 3652
5989 1338
5990 3721
5990 5239
5990 499
5991 2638
5991 5910
5991 64
5992 1812
5992 1240
5992 2830
5993 30
5993 4332
5993 7
5994 1989
5994 1050
5994 293
5995 98
5995 896
5995 331
5996 2026
5996 2303
5996 109
5997 4457
5997 17
5997 176
5998 155
5998 2849
5998 4387
5999 703
5999 882
5999 4352
6000 1899
6000 199
6000 5008
6001 1491
6001 2351
6001 2277
6002 692
6002 1457
6002 12
6003 3
6003 232
6003 1414
6004 1487
6004 29
6004 2433
6005 84
6005 256
6005 359
6006 5595
6006 911
6006 109
6007 5438
6007 1525
6007 6
6008 955
6008 3274
6008 9
6009 9
6009 2410
6009 55
6010 4897
6010 2467
6010 442
6011 108
6011 54
6011 742
6012 462
6012 3384
6012 5098
6013 9
6013 19
6013 4156
6014 1927
6014 99
6014 150
6015 58
6015 5450
6015 2407
6016 5646
6016 2839
6016 230
6017 5696
6017 138
6017 314
6018 112
6018 2109
6018 3066
6019 161
6019 1069
6019 5647
6020 612
6020 1216
6020 446
6021 4
6021 985
6021 297
6022 1612
6022 410
6022 1698
6023 656
6023 2580
6023 959
6024 1988
6024 446
6024 2049
6025 3916
6025 889
6025 265
6026 1029
6026 206
6026 1039
6027 1453
6027 3679
6027 4
6028 5312
6028 1040
6028 3950
6029 898
6029 1081
6029 2060
6030 3594
6030 8
6030 1658
6031 83
6031 2597
6031 5700
6032 90
6032 4219
6032 4565
6033 1004
6033 3023
6033 347
6034 5175
6034 4266
6034 528
6035 409
6035 33
6035 91
6036 367
6036 72
6036 350
6037 1647
6037 1669
6037 3162
6038 4049
6038 2460
6038 3493
6039 96
6039 524
6039 14
6040 5004
6040 99
6040 2513
6041 163
6041 214
6041 349
6042 212
6042 129
6042 4170
6043 5246
6043 2628
6043 5854
6044 304
6044 26
6044 389
6045 470
6045 139
6045 111
6046 30
6046 782
6046 460
6047 2272
6047 2423
6047 5817
6048 2550
6048 393
6048 2720
6049 2829
6049 4114
6049 1562
6050 4017
6050 5923
6050 468
6051 441
6051 111
6051 1404
6052 2744
6052 471
6052 4303
6053 440
6053 1480
6053 1460
6054 3365
6054 208
6054 2423
6055 1064
6055 5606
6055 2092
6056 6
6056 2
6056 2004
6057 1992
6057 1899
6057 3459
6058 3684
6058 55
6058 544
6059 2934
6059 2705
6059 2028
6060 2693
6060 326
6060 5517
6061 890
6061 3003
6061 2839
6062 2653
6062 6
6062 446
6063 2958
6063 1007
6063 1854
6064 1078
6064 54
6064 1116
6065 1238
6065 5824
6065 103
6066 227
6066 4415
6066 208
6067 1343
6067 4742
6067 4741
6068 747
6068 3823
6068 358
6069 747
6069 2911
6069 2570
6070 602
6070 10
6070 7
6071 3783
6071 3929
6071 2503
6072 5763
6072 1777
6072 378
6073 2244
6073 5516
6073 1106
6074 253
6074 1059
6074 3201
6075 3273
6075 655
6075 713
6076 278
6076 1486
6076 2352
6077 2943
6077 615
6077 5721
6078 552
6078 814
6078 1919
6079 1274
6079 184
6079 46
6080 2710
6080 75
6080 1449
6081 3
6081 5720
6081 696
6082 4711
6082 1638
6082 5611
6083 442
6083 1796
6083 307
6084 3881
6084 682
6084 214
6085 1451
6085 672
6085 2670
6086 2286
6086 3470
6086 6
6087 74
6087 2965
6087 5152
6088 4389
6088 1449
6088 4474
6089 1422
6089 1959
6089 874
6090 1588
6090 3387
6090 305
6091 5094
6091 157
6091 5891
6092 1155
6092 2125
6092 7
6093 4211
6093 3630
6093 1438
6094 1423
6094 5018
6094 1308
6095 19
6095 3587
6095 1822
6096 1841
6096 450
6096 4405
6097 1233
6097 2282
6097 308
6098 1254
6098 16
6098 930
6099 377
6099 5235
6099 180
6100 3041
6100 73
6100 23
6101 1569
6101 4085
6101 232
6102 1473
6102 274
6102 23
6103 19
6103 3035
6103 5645
6104 538
6104 2639
6104 1726
6105 185
6105 3594
6105 2705
6106 2696
6106 861
6106 3627
6107 5930
6107 1366
6107 222
6108 3631
6108 5052
6108 5862
6109 3606
6109 4630
6109 4565
6110 66
6110 299
6110 5370
6111 3230
6111 1749
6111 906
6112 2067
6112 1385
6112 3759
6113 1899
6113 735
6113 488
6114 3290
6114 649
6114 4624
6115 3269
6115 4141
6115 2749
6116 985
6116 1220
6116 1131
6117 3683
6117 106
6117 12
6118 2124
6118 2541
6118 1931
6119 1240
6119 1054
6119 4246
6120 1599
6120 5346
6120 1340
6121 32
6121 1296
6121 57
6122 4137
6122 832
6122 599
6123 4462
6123 37
6123 1296
6124 835
6124 2719
6124 2
6125 264
6125 1187
6125 6
6126 358
6126 1826
6126 340
6127 372
6127 4748
6127 702
6128 6
6128 3239
6128 359
6129 2431
6129 365
6129 787
6130 4510
6130 458
6130 746
6131 5861
6131 976
6131 2861
6132 682
6132 2790
6132 7
6133 1431
6133 3614
6133 1618
6134 4694
6134 3939
6134 2022
6135 2570
6135 3
6135 3882
6136 115
6136 67
6136 761
6137 3684
6137 123
6137 376
6138 902
6138 16
6138 4938
6139 3109
6139 3371
6139 2102
6140 5968
6140 1560
6140 718
6141 4369
6141 5739
6141 7
6142 4369
6142 2352
6142 728
6143 3353
6143 279
6143 57
6144 1433
6144 23
6144 1665
6145 5680
6145 378
6145 2662
6146 5210
6146 39
6146 2843
6147 5339
6147 3558
6147 3199
6148 2191
6148 943
6148 5316
6149 216
6149 3473
6149 12
6150 1120
6150 1815
6150 3946
6151 1402
6151 45
6151 1621
6152 1788
6152 842
6152 6025
6153 192
6153 2782
6153 1377
6154 6037
6154 2210
6154 4
6155 107
6155 1597
6155 583
6156 709
6156 3500
6156 1885
6157 272
6157 504
6157 1988
6158 961
6158 1240
6158 138
6159 4731
6159 5512
6159 952
6160 408
6160 6
6160 2594
6161 7
6161 4205
6161 9
6162 3
6162 16
6162 555
6163 1150
6163 3870
6163 225
6164 1174
6164 2313
6164 2875
6165 1432
6165 314
6165 5326
6166 55
6166 5997
6166 1182
6167 2505
6167 179
6167 5098
6168 435
6168 465
6168 27
6169 31
6169 6133
6169 3232
6170 4
6170 2207
6170 692
6171 3949
6171 351
6171 5318
6172 311
6172 1261
6172 1661
6173 5948
6173 1624
6173 7
6174 390
6174 11
6174 2826
6175 180
6175 15
6175 1156
6176 718
6176 1174
6176 185
6177 4061
6177 1273
6177 2432
6178 23
6178 3512
6178 66
6179 1391
6179 833
6179 31
6180 47
6180 3632
6180 3484
6181 2552
6181 3137
6181 115
6182 4660
6182 3290
6182 5974
6183 1724
6183 2400
6183 510
6184 245
6184 6156
6184 5964
6185 757
6185 273
6185 6111
6186 3532
6186 5927
6186 6146
6187 282
6187 3328
6187 1194
6188 496
6188 242
6188 3910
6189 449
6189 241
6189 2069
6190 5448
6190 2
6190 2083
6191 744
6191 13
6191 342
6192 1478
6192 5918
6192 2345
6193 2206
6193 4522
6193 4755
6194 2524
6194 45
6194 5047
6195 304
6195 3625
6195 161
6196 1726
6196 2162
6196 4211
6197 91
6197 81
6197 5202
6198 150
6198 114
6198 4535
6199 3068
6199 37
6199 57
6200 1740
6200 563
6200 1263
6201 3191
6201 731
6201 1223
6202 4785
6202 3387
6202 647
6203 2627
6203 252
6203 30
6204 372
6204 2036
6204 9
6205 5970
6205 1383
6205 6
6206 6018
6206 388
6206 9
6207 1196
6207 2069
6207 75
6208 3550
6208 5620
6208 2547
6209 454
6209 2
6209 4
6210 403
6210 2818
6210 4471
6211 5710
6211 4977
6211 225
6212 23
6212 2682
6212 1839
6213 4429
6213 5264
6213 99
6214 190
6214 704
6214 3
6215 3021
6215 3744
6215 82
6216 5351
6216 3130
6216 5
6217 162
6217 533
6217 5094
6218 4348
6218 1402
6218 83
6219 1226
6219 3033
6219 3051
6220 3396
6220 1870
6220 5094
6221 739
6221 1837
6221 725
6222 676
6222 1084
6222 4875
6223 10
6223 85
6223 6
6224 346
6224 2433
6224 7
6225 358
6225 3453
6225 3649
6226 4665
6226 1895
6226 55
6227 4118
6227 3969
6227 3193
6228 3891
6228 4187
6228 5221
6229 1166
6229 6013
6229 5266
6230 3410
6230 247
6230 5100
6231 340
6231 1805
6231 228
6232 3161
6232 1538
6232 5223
6233 232
6233 1050
6233 1657
6234 7
6234 194
6234 1028
6235 4266
6235 3959
6235 610
6236 2448
6236 8
6236 247
6237 3514
6237 394
6237 2999
6238 1421
6238 1704
6238 2128
6239 97
6239 925
6239 3622
6240 585
6240 191
6240 9
6241 293
6241 1965
6241 2461
6242 2
6242 69
6242 1169
6243 4065
6243 207
6243 5896
6244 1466
6244 372
6244 3743
6245 826
6245 6059
6245 617
6246 6
6246 1398
6246 3582
6247 5593
6247 5324
6247 571
6248 170
6248 342
6248 3305
6249 4470
6249 2243
6249 244
6250 3366
6250 1331
6250 1280
6251 3326
6251 2415
6251 2474
6252 4176
6252 637
6252 2
6253 708
6253 744
6253 2628
6254 2790
6254 477
6254 3312
6255 165
6255 2712
6255 1054
6256 119
6256 326
6256 213
6257 2507
6257 1578
6257 2660
6258 4679
6258 5
6258 4141
6259 140
6259 1500
6259 4988
6260 1849
6260 666
6260 6181
6261 139
6261 4369
6261 9
6262 3398
6262 1302
6262 260
6263 12
6263 704
6263 1068
6264 496
6264 3190
6264 539
6265 2223
6265 1764
6265 9
6266 1225
6266 41
6266 354
6267 595
6267 3239
6267 655
6268 20
6268 2470
6268 1802
6269 1939
6269 5380
6269 1071
6270 23
6270 410
6270 615
6271 2606
6271 40
6271 423
6272 5772
6272 3854
6272 5534
6273 3547
6273 3602
6273 400
6274 1371
6274 640
6274 346
6275 1461
6275 188
6275 1620
6276 4776
6276 5163
6276 55
6277 987
6277 4206
6277 1229
6278 842
6278 135
6278 4528
6279 2315
6279 386
6279 4911
6280 5714
6280 470
6280 1855
6281 117
6281 4
6281 2
6282 4515
6282 5808
6282 1920
6283 1360
6283 801
6283 2483
6284 277
6284 2746
6284 67
6285 3185
6285 3971
6285 4725
6286 177
6286 3529
6286 802
6287 1089
6287 18
6287 4
6288 1388
6288 77
6288 1315
6289 195
6289 5952
6289 4345
6290 186
6290 12
6290 287
6291 1677
6291 6177
6291 368
6292 4732
6292 6155
6292 1047
6293 2881
6293 3161
6293 4510
6294 3060
6294 3473
6294 3866
6295 3489
6295 329
6295 599
6296 31
6296 233
6296 44
6297 96
6297 3614
6297 5123
6298 1002
6298 3
6298 1442
6299 1324
6299 1785
6299 5303
6300 5473
6300 1093
6300 743
6301 4502
6301 23
6301 4348
6302 358
6302 4070
6302 1299
6303 597
6303 4414
6303 6
6304 3
6304 1327
6304 671
6305 1090
6305 26
6305 65
6306 413
6306 1128
6306 4192
6307 2018
6307 690
6307 6
6308 5811
6308 4366
6308 1137
6309 74
6309 1005
6309 2643
6310 6177
6310 3623
6310 5587
6311 2275
6311 0
6311 4892
6312 5147
6312 410
6312 1155
6313 2466
6313 5357
6313 51
6314 5029
6314 3
6314 122
6315 17
6315 78
6315 535
6316 1245
6316 5675
6316 3678
6317 12
6317 1204
6317 518
6318 2620
6318 1295
6318 1785
6319 4083
6319 358
6319 4862
6320 964
6320 5127
6320 344
6321 2568
6321 1798
6321 1182
6322 3257
6322 2621
6322 7
6323 6180
6323 171
6323 1585
6324 5766
6324 201
6324 1587
6325 3844
6325 2949
6325 1193
6326 618
6326 663
6326 33
6327 4776
6327 186
6327 1907
6328 4787
6328 5250
6328 3930
6329 6182
6329 6186
6329 4225
6330 5
6330 282
6330 4565
6331 805
6331 3672
6331 7
6332 1163
6332 217
6332 4240
6333 4884
6333 2351
6333 2196
6334 1902
6334 2063
6334 4516
6335 4709
6335 1144
6335 411
6336 758
6336 4
6336 264
6337 281
6337 3827
6337 5910
6338 1382
6338 1050
6338 23
6339 3418
6339 2828
6339 2121
6340 2357
6340 1099
6340 1710
6341 7
6341 947
6341 6300
6342 687
6342 181
6342 74
6343 63
6343 674
6343 851
6344 2046
6344 343
6344 3183
6345 3924
6345 5846
6345 5097
6346 1292
6346 3109
6346 2357
6347 651
6347 3116
6347 535
6348 3516
6348 1967
6348 2418
6349 3237
6349 2726
6349 5173
6350 956
6350 3941
6350 69
6351 423
6351 2304
6351 3317
6352 418
6352 3786
6352 5238
6353 1921
6353 146
6353 30
6354 5160
6354 5908
6354 1266
6355 334
6355 743
6355 1759
6356 1529
6356 751
6356 4
6357 1786
6357 264
6357 4941
6358 3495
6358 2000
6358 406
6359 289
6359 334
6359 1954
6360 243
6360 90
6360 3154
6361 3649
6361 2751
6361 2156
6362 5314
6362 3999
6362 317
6363 43
6363 1520
6363 4565
6364 2898
6364 305
6364 615
6365 5314
6365 3805
6365 4562
6366 410
6366 95
6366 93
6367 3106
6367 2455
6367 3444
6368 2332
6368 17
6368 666
6369 1336
6369 104
6369 2
6370 2876
6370 4
6370 61
6371 931
6371 2209
6371 2954
6372 13
6372 1309
6372 10
6373 72
6373 248
6373 746
6374 3318
6374 48
6374 4201
6375 1161
6375 3551
6375 1397
6376 4299
6376 5443
6376 130
6377 1669
6377 931
6377 4398
6378 72
6378 4895
6378 21
6379 4848
6379 2874
6379 17
6380 691
6380 827
6380 20
6381 3489
6381 4514
6381 4630
6382 405
6382 1574
6382 985
6383 3184
6383 4220
6383 1424
6384 3553
6384 2529
6384 1363
6385 207
6385 6
6385 49
6386 2503
6386 2792
6386 3489
6387 2211
6387 23
6387 57
6388 1256
6388 88
6388 4008
6389 448
6389 5932
6389 3997
6390 2308
6390 418
6390 1152
6391 1298
6391 2678
6391 1063
6392 1897
6392 16
6392 1218
6393 696
6393 615
6393 2513
6394 82
6394 548
6394 6332
6395 1875
6395 882
6395 2038
6396 2567
6396 1841
6396 3649
6397 5265
6397 12
6397 3603
6398 6358
6398 59
6398 73
6399 72
6399 832
6399 4492
6400 4115
6400 493
6400 2240
6401 5102
6401 7
6401 281
6402 196
6402 6049
6402 4156
6403 4876
6403 426
6403 1404
6404 1703
6404 4852
6404 3215
6405 0
6405 213
6405 168
6406 1321
6406 47
6406 2020
6407 1326
6407 46
6407 1066
6408 1974
6408 623
6408 416
6409 1749
6409 158
6409 867
6410 4355
6410 560
6410 12
6411 160
6411 17
6411 5245
6412 911
6412 363
6412 18
6413 1701
6413 4425
6413 1580
6414 1657
6414 6220
6414 69
6415 2030
6415 1496
6415 108
6416 512
6416 7
6416 105
6417 1253
6417 622
6417 3062
6418 5597
6418 2128
6418 333
6419 939
6419 5862
6419 2017
6420 3830
6420 645
6420 1664
6421 3574
6421 4337
6421 2480
6422 28
6422 4089
6422 30
6423 2076
6423 2065
6423 925
6424 4880
6424 961
6424 899
6425 3488
6425 3768
6425 3999
6426 331
6426 9
6426 272
6427 289
6427 17
6427 6225
6428 1728
6428 6318
6428 2448
6429 1367
6429 5857
6429 414
6430 216
6430 31
6430 17
6431 4989
6431 3491
6431 3328
6432 3293
6432 4444
6432 2621
6433 1019
6433 544
6433 1089
6434 1339
6434 90
6434 1675
6435 2629
6435 5321
6435 485
6436 6421
6436 3255
6436 295
6437 713
6437 5017
6437 71
6438 683
6438 1418
6438 1330
6439 986
6439 3275
6439 5474
6440 387
6440 5058
6440 3419
6441 969
6441 6
6441 621
6442 3899
6442 2405
6442 1253
6443 3896
6443 378
6443 1999
6444 58
6444 3856
6444 2599
6445 2714
6445 5171
6445 311
6446 1993
6446 140
6446 2323
6447 360
6447 6
6447 3223
6448 2922
6448 1030
6448 5434
6449 219
6449 177
6449 1116
6450 2497
6450 58
6450 4671
6451 6222
6451 229
6451 318
6452 1071
6452 3978
6452 4975
6453 308
6453 401
6453 5401
6454 696
6454 20
6454 3857
6455 20
6455 1757
6455 4505
6456 55
6456 4957
6456 4568
6457 1195
6457 1975
6457 3877
6458 435
6458 108
6458 307
6459 3306
6459 211
6459 2214
6460 5985
6460 86
6460 3936
6461 2573
6461 6174
6461 2971
6462 15
6462 6
6462 5504
6463 1399
6463 4610
6463 1677
6464 4739
6464 3205
6464 75
6465 5374
6465 1387
6465 2157
6466 74
6466 415
6466 1209
6467 445
6467 5622
6467 410
6468 35
6468 2427
6468 199
6469 4589
6469 987
6469 4336
6470 232
6470 5591
6470 618
6471 4780
6471 2570
6471 1182
6472 1226
6472 2172
6472 6265
6473 5566
6473 236
6473 3368
6474 2008
6474 2874
6474 691
6475 3905
6475 207
6475 787
6476 2716
6476 5815
6476 938
6477 1560
6477 571
6477 1096
6478 1676
6478 5543
6478 899
6479 869
6479 246
6479 1569
6480 1158
6480 2913
6480 2272
6481 5910
6481 3082
6481 3581
6482 120
6482 4671
6482 232
6483 75
6483 1695
6483 2580
6484 687
6484 3609
6484 308
6485 920
6485 1101
6485 10
6486 4598
6486 4454
6486 4179
6487 2286
6487 903
6487 1671
6488 5214
6488 2747
6488 3
6489 1428
6489 539
6489 661
6490 2439
6490 1886
6490 247
6491 4694
6491 444
6491 3276
6492 1604
6492 930
6492 2034
6493 5781
6493 4829
6493 1469
6494 1489
6494 477
6494 8
6495 4838
6495 2277
6495 2744
6496 3618
6496 623
6496 4381
6497 279
6497 227
6497 7
6498 1481
6498 1108
6498 4344
6499 3719
6499 149
6499 649
6500 1293
6500 78
6500 938
6501 4256
6501 6068
6501 578
6502 848
6502 0
6502 30
6503 1017
6503 5850
6503 415
6504 3953
6504 1177
6504 4721
6505 321
6505 1957
6505 1087
6506 658
6506 46
6506 5073
6507 2241
6507 2046
6507 1727
6508 1558
6508 5530
6508 2046
6509 1469
6509 1043
6509 81
6510 4118
6510 3121
6510 3936
6511 2921
6511 3464
6511 5679
6512 4575
6512 3926
6512 5063
6513 886
6513 57
6513 55
6514 319
6514 1060
6514 1399
6515 413
6515 346
6515 368
6516 1845
6516 5343
6516 1784
6517 5300
6517 332
6517 189
6518 2013
6518 2834
6518 2193
6519 5692
6519 1879
6519 1474
6520 214
6520 6435
6520 911
6521 6433
6521 1766
6521 3466
6522 794
6522 878
6522 5911
6523 5197
6523 3648
6523 55
6524 2757
6524 5521
6524 23
6525 4412
6525 1003
6525 97
6526 734
6526 6368
6526 2165
6527 6098
6527 867
6527 897
6528 261
6528 5924
6528 3259
6529 3639
6529 255
6529 4268
6530 1462
6530 25
6530 2175
6531 441
6531 1485
6531 5225
6532 4178
6532 39
6532 793
6533 1945
6533 862
6533 696
6534 645
6534 4558
6534 27
6535 1712
6535 2818
6535 4581
6536 724
6536 1193
6536 3502
6537 1174
6537 43
6537 365
6538 288
6538 4235
6538 4168
6539 6288
6539 69
6539 1435
6540 1639
6540 2754
6540 143
6541 829
6541 93
6541 5518
6542 75
6542 1450
6542 6380
6543 5684
6543 139
6543 3884
6544 849
6544 2309
6544 174
6545 731
6545 624
6545 81
6546 486
6546 366
6546 618
6547 2118
6547 66
6547 3869
6548 1071
6548 859
6548 3853
6549 456
6549 1596
6549 8
6550 3332
6550 20
6550 1475
6551 77
6551 662
6551 742
6552 4771
6552 1217
6552 995
6553 2225
6553 1191
6553 192
6554 74
6554 3829
6554 9
6555 4118
6555 2455
6555 1012
6556 2567
6556 1796
6556 6458
6557 3309
6557 4530
6557 140
6558 6203
6558 32
6558 2033
6559 4816
6559 1856
6559 4243
6560 2269
6560 930
6560 211
6561 272
6561 1331
6561 2642
6562 1964
6562 2679
6562 2124
6563 417
6563 1495
6563 3693
6564 5982
6564 108
6564 3727
6565 3662
6565 2831
6565 787
6566 4706
6566 4
6566 3996
6567 54
6567 5318
6567 2515
6568 241
6568 1200
6568 787
6569 2
6569 216
6569 149
6570 1218
6570 69
6570 622
6571 342
6571 208
6571 1055
6572 1649
6572 3594
6572 3875
6573 6443
6573 5123
6573 2196
6574 2
6574 81
6574 433
6575 75
6575 2515
6575 29
6576 943
6576 60
6576 448
6577 5500
6577 6520
6577 2310
6578 4521
6578 534
6578 829
6579 5809
6579 3001
6579 616
6580 187
6580 4419
6580 5993
6581 300
6581 1575
6581 13
6582 1166
6582 1009
6582 6444
6583 229
6583 731
6583 969
6584 5047
6584 5232
6584 547
6585 3047
6585 5861
6585 5139
6586 1496
6586 2688
6586 972
6587 47
6587 29
6587 3521
6588 56
6588 185
6588 5449
6589 15
6589 3443
6589 3709
6590 6060
6590 1906
6590 87
6591 99
6591 945
6591 1819
6592 20
6592 4782
6592 2272
6593 4749
6593 4383
6593 40
6594 881
6594 217
6594 1121
6595 434
6595 1873
6595 325
6596 4496
6596 5509
6596 2102
6597 3450
6597 431
6597 12
6598 6391
6598 10
6598 5864
6599 381
6599 1681
6599 723
6600 1323
6600 955
6600 3746
6601 5507
6601 4756
6601 353
6602 777
6602 123
6602 3397
6603 320
6603 2167
6603 2190
6604 1895
6604 114
6604 1143
6605 314
6605 1857
6605 1929
6606 204
6606 6409
6606 5171
6607 2352
6607 71
6607 5213
6608 5677
6608 3949
6608 743
6609 405
6609 5921
6609 5
6610 1276
6610 4008
6610 428
6611 2874
6611 5200
6611 3084
6612 303
6612 2543
6612 236
6613 54
6613 3606
6613 2649
6614 3899
6614 2391
6614 5496
6615 205
6615 234
6615 1894
6616 5653
6616 3277
6616 108
6617 3790
6617 1951
6617 1419
6618 5403
6618 878
6618 12
6619 572
6619 2988
6619 4122
6620 4372
6620 176
6620 7
6621 4704
6621 5631
6621 1777
6622 1180
6622 730
6622 5214
6623 163
6623 5661
6623 33
6624 968
6624 1760
6624 4174
6625 1253
6625 1967
6625 3405
6626 4633
6626 1698
6626 676
6627 6463
6627 3356
6627 1266
6628 2664
6628 1721
6628 552
6629 80
6629 1872
6629 1940
6630 787
6630 287
6630 4865
6631 858
6631 55
6631 6386
6632 7
6632 227
6632 1192
6633 6284
6633 668
6633 5351
6634 4887
6634 1754
6634 2467
6635 6170
6635 108
6635 2255
6636 2158
6636 4964
6636 4
6637 5328
6637 4940
6637 477
6638 110
6638 2799
6638 1124
6639 724
6639 5210
6639 20
6640 943
6640 5
6640 3378
6641 418
6641 1034
6641 6491
6642 153
6642 12
6642 3184
6643 3227
6643 2170
6643 3
6644 4493
6644 733
6644 392
6645 691
6645 1993
6645 4
6646 1193
6646 5281
6646 497
6647 75
6647 5796
6647 4145
6648 54
6648 3816
6648 6448
6649 2582
6649 5349
6649 559
6650 3468
6650 619
6650 17
6651 5009
6651 2628
6651 553
6652 1588
6652 46
6652 3733
6653 743
6653 1111
6653 529
6654 1363
6654 4502
6654 12
6655 4376
6655 177
6655 6111
6656 1815
6656 2503
6656 365
6657 104
6657 2
6657 4356
6658 2026
6658 304
6658 6002
6659 5404
6659 328
6659 3638
6660 5080
6660 5665
6660 1078
6661 12
6661 1813
6661 3995
6662 145
6662 277
6662 1337
6663 1045
6663 5496
6663 63
6664 1571
6664 2651
6664 699
6665 68
6665 3855
6665 1734
6666 10
6666 3096
6666 96
6667 1270
6667 1611
6667 41
6668 5303
6668 4131
6668 6167
6669 4418
6669 1750
6669 2307
6670 1819
6670 402
6670 5084
6671 1920
6671 2172
6671 4194
6672 249
6672 1005
6672 5381
6673 26
6673 194
6673 423
6674 3914
6674 4731
6674 6351
6675 3795
6675 4686
6675 570
6676 1882
6676 1517
6676 40
6677 4852
6677 5578
6677 353
6678 3235
6678 1292
6678 2172
6679 778
6679 4739
6679 1670
6680 3016
6680 4351
6680 204
6681 462
6681 1432
6681 7
6682 752
6682 23
6682 6639
6683 24
6683 28
6683 217
6684 5566
6684 5637
6684 1184
6685 6643
6685 2053
6685 1177
6686 1046
6686 4403
6686 616
6687 2124
6687 1401
6687 5639
6688 129
6688 1038
6688 3553
6689 203
6689 3418
6689 2992
6690 7
6690 1658
6690 2781
6691 28
6691 6020
6691 5100
6692 4490
6692 2268
6692 178
6693 1960
6693 1823
6693 207
6694 245
6694 5440
6694 819
6695 1281
6695 199
6695 137
6696 4
6696 334
6696 115
6697 3790
6697 115
6697 1601
6698 3671
6698 347
6698 4566
6699 6245
6699 1151
6699 163
6700 1584
6700 1098
6700 3412
6701 497
6701 3899
6701 1992
6702 4974
6702 6049
6702 3256
6703 3907
6703 742
6703 2344
6704 3801
6704 2722
6704 5548
6705 6495
6705 1510
6705 1579
6706 6043
6706 105
6706 3813
6707 2060
6707 3883
6707 2632
6708 75
6708 1753
6708 4459
6709 56
6709 1090
6709 366
6710 2217
6710 225
6710 479
6711 2406
6711 3839
6711 3231
6712 5273
6712 3765
6712 2682
6713 2561
6713 4285
6713 2011
6714 4166
6714 150
6714 1001
6715 4325
6715 5707
6715 4082
6716 1436
6716 3890
6716 2886
6717 441
6717 656
6717 6382
6718 676
6718 3442
6718 5830
6719 2423
6719 645
6719 430
6720 952
6720 3012
6720 2155
6721 110
6721 123
6721 268
6722 12
6722 3578
6722 219
6723 4432
6723 6594
6723 1766
6724 4041
6724 2786
6724 3373
6725 1004
6725 17
6725 482
6726 6126
6726 5323
6726 19
6727 98
6727 3954
6727 54
6728 2555
6728 49
6728 3275
6729 4446
6729 4642
6729 4
6730 4831
6730 3219
6730 1040
6731 6015
6731 3215
6731 351
6732 2406
6732 420
6732 3489
6733 6
6733 1321
6733 194
6734 1744
6734 4973
6734 247
6735 331
6735 1876
6735 4211
6736 4633
6736 106
6736 3228
6737 336
6737 5133
6737 2335
6738 1791
6738 899
6738 170
6739 80
6739 357
6739 553
6740 60
6740 3254
6740 72
6741 3256
6741 29
6741 6448
6742 3020
6742 5009
6742 3245
6743 1045
6743 3666
6743 5666
6744 63
6744 828
6744 5697
6745 1863
6745 1437
6745 602
6746 177
6746 401
6746 4167
6747 6111
6747 4323
6747 6617
6748 2771
6748 963
6748 1054
6749 2724
6749 507
6749 3923
6750 939
6750 1696
6750 1830
6751 3576
6751 828
6751 1285
6752 3987
6752 797
6752 3586
6753 279
6753 5671
6753 17
6754 4582
6754 5767
6754 6219
6755 1530
6755 5732
6755 4434
6756 2318
6756 2919
6756 615
6757 112
6757 5767
6757 442
6758 4283
6758 686
6758 403
6759 699
6759 5231
6759 4446
6760 185
6760 3
6760 111
6761 433
6761 1189
6761 401
6762 3415
6762 615
6762 1454
6763 2632
6763 94
6763 6428
6764 128
6764 495
6764 4885
6765 1063
6765 4700
6765 1211
6766 4632
6766 4378
6766 5675
6767 943
6767 4846
6767 1538
6768 4742
6768 329
6768 413
6769 1598
6769 1115
6769 2542
6770 413
6770 566
6770 2067
6771 125
6771 505
6771 55
6772 270
6772 6285
6772 1260
6773 2182
6773 691
6773 43
6774 4659
6774 6393
6774 368
6775 4138
6775 289
6775 220
6776 5224
6776 6125
6776 686
6777 1364
6777 72
6777 1917
6778 1721
6778 243
6778 408
6779 1224
6779 26
6779 2424
6780 372
6780 595
6780 23
6781 1579
6781 2921
6781 4896
6782 2792
6782 1456
6782 4072
6783 2290
6783 317
6783 405
6784 3898
6784 4
6784 6112
6785 5666
6785 2920
6785 5695
6786 2309
6786 217
6786 33
6787 4
6787 2091
6787 2253
6788 1839
6788 5273
6788 361
6789 42
6789 34
6789 228
6790 57
6790 938
6790 514
6791 23
6791 5197
6791 1128
6792 6
6792 18
6792 6604
6793 5500
6793 573
6793 1667
6794 1003
6794 1312
6794 5330
6795 696
6795 6676
6795 625
6796 573
6796 2910
6796 56
6797 5945
6797 3233
6797 4156
6798 78
6798 666
6798 3
6799 776
6799 2850
6799 4731
6800 4653
6800 4027
6800 3996
6801 2167
6801 73
6801 539
6802 6428
6802 4939
6802 808
6803 253
6803 2962
6803 1373
6804 6
6804 323
6804 5736
6805 538
6805 744
6805 1880
6806 6308
6806 226
6806 1289
6807 2570
6807 123
6807 6469
6808 5747
6808 1055
6808 6008
6809 634
6809 3593
6809 5
6810 3917
6810 4771
6810 1799
6811 2094
6811 63
6811 618
6812 396
6812 3917
6812 6707
6813 5677
6813 1254
6813 1734
6814 6234
6814 2513
6814 1586
6815 403
6815 4942
6815 232
6816 4595
6816 505
6816 12
6817 1159
6817 103
6817 4
6818 3479
6818 1572
6818 1665
6819 1178
6819 5451
6819 5001
6820 3445
6820 48
6820 3302
6821 64
6821 3404
6821 6
6822 289
6822 2804
6822 943
6823 2076
6823 5782
6823 1850
6824 3258
6824 3332
6824 5644
6825 641
6825 3508
6825 3729
6826 3695
6826 6763
6826 358
6827 417
6827 247
6827 106
6828 2033
6828 5031
6828 3880
6829 333
6829 798
6829 6051
6830 1537
6830 5386
6830 1152
6831 4913
6831 5201
6831 1
6832 2382
6832 48
6832 2075
6833 1877
6833 4
6833 30
6834 1159
6834 6061
6834 6609
6835 110
6835 1302
6835 5
6836 5083
6836 2653
6836 1105
6837 978
6837 6141
6837 1776
6838 2962
6838 4290
6838 271
6839 3823
6839 323
6839 932
6840 2026
6840 3606
6840 3304
6841 1335
6841 372
6841 2284
6842 698
6842 4454
6842 3369
6843 1238
6843 4966
6843 122
6844 1194
6844 4457
6844 391
6845 2699
6845 712
6845 2406
6846 99
6846 381
6846 2153
6847 2835
6847 6104
6847 5764
6848 63
6848 2325
6848 713
6849 840
6849 6080
6849 486
6850 20
6850 26
6850 5370
6851 1830
6851 41
6851 6249
6852 1116
6852 2755
6852 282
6853 84
6853 5351
6853 5327
6854 4
6854 1446
6854 6746
6855 207
6855 4194
6855 1124
6856 2172
6856 1196
6856 4963
6857 1410
6857 842
6857 359
6858 99
6858 4411
6858 3059
6859 463
6859 3620
6859 1966
6860 6392
6860 96
6860 6126
6861 6384
6861 110
6861 945
6862 1191
6862 556
6862 1684
6863 4199
6863 6440
6863 2323
6864 220
6864 5
6864 4115
6865 1180
6865 15
6865 1701
6866 3792
6866 788
6866 23
6867 3785
6867 5429
6867 247
6868 894
6868 23
6868 550
6869 4899
6869 5710
6869 3534
6870 1496
6870 1226
6870 2693
6871 6815
6871 4599
6871 832
6872 2169
6872 944
6872 92
6873 1709
6873 404
6873 1187
6874 2626
6874 80
6874 2544
6875 1445
6875 2016
6875 4817
6876 1964
6876 2774
6876 865
6877 601
6877 3840
6877 1326
6878 2622
6878 1302
6878 30
6879 4095
6879 285
6879 1273
6880 287
6880 1132
6880 4933
6881 2572
6881 1027
6881 11
6882 3574
6882 3015
6882 685
6883 1431
6883 1469
6883 321
6884 6259
6884 3319
6884 757
6885 69
6885 2782
6885 1420
6886 1434
6886 565
6886 4702
6887 4394
6887 1865
6887 2040
6888 787
6888 5318
6888 5869
6889 1310
6889 3675
6889 1424
6890 445
6890 553
6890 1
6891 965
6891 6849
6891 943
6892 1911
6892 713
6892 1404
6893 2434
6893 508
6893 1798
6894 5232
6894 696
6894 7
6895 1366
6895 6316
6895 32
6896 3922
6896 787
6896 1475
6897 5637
6897 90
6897 4021
6898 4270
6898 1239
6898 378
6899 87
6899 1298
6899 6584
6900 1207
6900 474
6900 11
6901 4170
6901 149
6901 454
6902 6448
6902 754
6902 4082
6903 20
6903 247
6903 6126
6904 2399
6904 3481
6904 4679
6905 562
6905 3299
6905 3108
6906 3448
6906 2057
6906 40
6907 1659
6907 372
6907 1404
6908 635
6908 192
6908 75
6909 2854
6909 58
6909 2146
6910 5079
6910 5506
6910 106
6911 6348
6911 5816
6911 4697
6912 3515
6912 0
6912 4782
6913 2121
6913 4066
6913 5219
6914 6539
6914 163
6914 818
6915 2328
6915 269
6915 28
6916 205
6916 6585
6916 698
6917 633
6917 75
6917 5411
6918 3256
6918 2965
6918 6008
6919 525
6919 395
6919 3993
6920 3678
6920 1096
6920 5743
6921 6543
6921 353
6921 1440
6922 6
6922 887
6922 5165
6923 6573
6923 6374
6923 3893
6924 3189
6924 23
6924 4230
6925 3436
6925 4533
6925 179
6926 5401
6926 224
6926 3029
6927 365
6927 332
6927 2971
6928 200
6928 5870
6928 459
6929 254
6929 5318
6929 3665
6930 4621
6930 6172
6930 1988
6931 3568
6931 177
6931 4504
6932 2613
6932 1464
6932 4225
6933 5724
6933 5280
6933 2720
6934 552
6934 301
6934 6558
6935 2792
6935 645
6935 485
6936 4518
6936 849
6936 287
6937 4756
6937 4804
6937 3630
6938 2410
6938 291
6938 655
6939 20
6939 238
6939 5657
6940 28
6940 54
6940 1131
6941 1487
6941 937
6941 838
6942 2476
6942 217
6942 120
6943 1265
6943 128
6943 1134
6944 4033
6944 46
6944 987
6945 1348
6945 987
6945 2404
6946 2840
6946 486
6946 4455
6947 5457
6947 6844
6947 1786
6948 949
6948 1386
6948 6571
6949 2232
6949 35
6949 1271
6950 5343
6950 236
6950 1934
6951 1005
6951 4477
6951 4816
6952 691
6952 1681
6952 4009
6953 2192
6953 234
6953 5339
6954 105
6954 413
6954 1636
6955 3613
6955 477
6955 1794
6956 409
6956 4091
6956 5261
6957 5403
6957 167
6957 2849
6958 368
6958 777
6958 12
6959 1491
6959 329
6959 6490
6960 1237
6960 3223
6960 4952
6961 4362
6961 6928
6961 6
6962 1893
6962 300
6962 3403
6963 2234
6963 5814
6963 105
6964 814
6964 838
6964 1512
6965 3
6965 1177
6965 2831
6966 813
6966 716
6966 167
6967 50
6967 2467
6967 3
6968 5340
6968 776
6968 233
6969 2013
6969 645
6969 3991
6970 484
6970 1757
6970 5305
6971 14
6971 12
6971 671
6972 2405
6972 1159
6972 115
6973 419
6973 6722
6973 3748
6974 4861
6974 216
6974 3120
6975 124
6975 1131
6975 5079
6976 2935
6976 17
6976 6411
6977 408
6977 510
6977 4297
6978 2871
6978 4462
6978 3591
6979 5261
6979 140
6979 287
6980 6615
6980 3253
6980 5627
6981 3078
6981 2328
6981 5819
6982 744
6982 33
6982 3376
6983 4036
6983 2955
6983 20
6984 6453
6984 699
6984 3642
6985 1157
6985 3997
6985 4820
6986 3469
6986 2998
6986 2113
6987 6188
6987 1182
6987 4878
6988 3976
6988 3
6988 6080
6989 3724
6989 4425
6989 787
6990 4970
6990 1613
6990 5525
6991 4460
6991 1984
6991 2640
6992 1197
6992 4260
6992 811
6993 2921
6993 4229
6993 460
6994 1621
6994 1390
6994 1404
6995 9
6995 5423
6995 2332
6996 6697
6996 6144
6996 1657
6997 2012
6997 6695
6997 1816
6998 2198
6998 46
6998 177
6999 6365
6999 3684
6999 1864
7000 16
7000 17
7000 322
7001 6092
7001 2008
7001 760
7002 2281
7002 5737
7002 469
7003 4547
7003 2693
7003 1250
7004 2272
7004 6217
7004 1440
7005 1049
7005 3271
7005 91
7006 5375
7006 20
7006 5088
7007 2901
7007 2120
7007 7
7008 1216
7008 3453
7008 6267
7009 6372
7009 504
7009 1823
7010 5939
7010 5795
7010 25
7011 1253
7011 3508
7011 989
7012 69
7012 1280
7012 6425
7013 940
7013 2144
7013 1909
7014 4
7014 4568
7014 1276
7015 56
7015 1622
7015 3318
7016 78
7016 764
7016 2246
7017 6527
7017 4176
7017 367
7018 6640
7018 9
7018 2919
7019 63
7019 219
7019 342
7020 5694
7020 162
7020 2357
7021 4122
7021 17
7021 1780
7022 849
7022 3
7022 5999
7023 3158
7023 47
7023 3333
7024 357
7024 2824
7024 4716
7025 2164
7025 6414
7025 5923
7026 4462
7026 2927
7026 353
7027 211
7027 2855
7027 5416
7028 522
7028 3257
7028 455
7029 3385
7029 54
7029 254
7030 537
7030 28
7030 112
7031 1580
7031 4276
7031 932
7032 3192
7032 4378
7032 32
7033 6540
7033 5631
7033 645
7034 5708
7034 2376
7034 3467
7035 899
7035 1660
7035 5378
7036 2382
7036 5487
7036 5671
7037 6859
7037 6566
7037 471
7038 740
7038 2773
7038 5378
7039 5625
7039 3203
7039 5301
7040 66
7040 645
7040 5715
7041 423
7041 107
7041 3
7042 4591
7042 728
7042 4986
7043 1902
7043 4326
7043 2714
7044 4999
7044 1668
7044 74
7045 6088
7045 1007
7045 2645
7046 5653
7046 3806
7046 804
7047 4688
7047 23
7047 3
7048 446
7048 34
7048 5942
7049 311
7049 27
7049 1246
7050 3503
7050 5125
7050 2986
7051 448
7051 77
7051 160
7052 635
7052 3377
7052 4922
7053 2737
7053 6853
7053 227
7054 556
7054 353
7054 1200
7055 2008
7055 1785
7055 589
7056 3877
7056 6577
7056 4964
7057 3585
7057 97
7057 831
7058 489
7058 7
7058 5265
7059 4953
7059 3621
7059 4422
7060 1297
7060 533
7060 6700
7061 580
7061 169
7061 3992
7062 4828
7062 4635
7062 6593
7063 365
7063 2315
7063 1707
7064 5757
7064 518
7064 910
7065 1252
7065 252
7065 249
7066 105
7066 5290
7066 2546
7067 1750
7067 1291
7067 772
7068 6873
7068 815
7068 5790
7069 144
7069 5334
7069 1918
7070 1621
7070 4846
7070 6319
7071 1421
7071 2405
7071 4216
7072 915
7072 538
7072 1740
7073 225
7073 1562
7073 6174
7074 6618
7074 617
7074 6928
7075 12
7075 2525
7075 1244
7076 818
7076 3253
7076 62
7077 411
7077 3384
7077 5347
7078 3811
7078 55
7078 2126
7079 6359
7079 3757
7079 1431
7080 1049
7080 578
7080 1615
7081 97
7081 1055
7081 3016
7082 6122
7082 5363
7082 2003
7083 2053
7083 808
7083 329
7084 5233
7084 1070
7084 691
7085 2719
7085 218
7085 2893
7086 3125
7086 395
7086 1230
7087 744
7087 1701
7087 150
7088 287
7088 1620
7088 230
7089 6768
7089 238
7089 6427
7090 2667
7090 1219
7090 274
7091 76
7091 16
7091 382
7092 384
7092 4582
7092 951
7093 108
7093 1230
7093 1564
7094 227
7094 1570
7094 4433
7095 1164
7095 1834
7095 2668
7096 5466
7096 3420
7096 1212
7097 20
7097 5897
7097 216
7098 4194
7098 118
7098 6235
7099 1200
7099 4375
7099 3665
7100 6240
7100 1451
7100 2013
7101 6738
7101 3818
7101 2892
7102 258
7102 359
7102 110
7103 26
7103 4572
7103 6518
7104 328
7104 217
7104 1485
7105 599
7105 54
7105 1131
7106 222
7106 265
7106 155
7107 199
7107 4583
7107 5212
7108 3036
7108 4737
7108 791
7109 2833
7109 123
7109 535
7110 2492
7110 589
7110 1469
7111 3127
7111 131
7111 6321
7112 5544
7112 388
7112 3389
7113 168
7113 2553
7113 576
7114 670
7114 1322
7114 2662
7115 3000
7115 6102
7115 1117
7116 714
7116 3412
7116 1854
7117 328
7117 4968
7117 1621
7118 1498
7118 5199
7118 4639
7119 39
7119 549
7119 1113
7120 52
7120 650
7120 535
7121 3910
7121 4377
7121 186
7122 4193
7122 5212
7122 499
7123 3217
7123 209
7123 6248
7124 229
7124 2330
7124 5255
7125 4168
7125 1096
7125 1541
7126 3914
7126 2113
7126 1983
7127 3091
7127 365
7127 2542
7128 2677
7128 176
7128 82
7129 409
7129 6184
7129 5037
7130 19
7130 146
7130 3615
7131 167
7131 3595
7131 4996
7132 13
7132 1661
7132 1477
7133 127
7133 2200
7133 3480
7134 3514
7134 389
7134 4138
7135 5434
7135 1128
7135 1998
7136 1637
7136 7
7136 225
7137 3108
7137 690
7137 6928
7138 4916
7138 14
7138 819
7139 12
7139 1992
7139 290
7140 703
7140 2356
7140 3627
7141 189
7141 72
7141 4066
7142 199
7142 1168
7142 287
7143 1070
7143 1186
7143 6734
7144 4168
7144 5282
7144 176
7145 2252
7145 1733
7145 1087
7146 5654
7146 4527
7146 1095
7147 6058
7147 3346
7147 952
7148 27
7148 2945
7148 548
7149 2833
7149 6261
7149 613
7150 1371
7150 334
7150 19
7151 3574
7151 787
7151 1684
7152 1349
7152 869
7152 952
7153 9
7153 128
7153 6808
7154 3678
7154 189
7154 1223
7155 89
7155 2309
7155 1600
7156 80
7156 938
7156 5923
7157 2469
7157 1092
7157 2446
7158 2437
7158 4787
7158 1149
7159 3
7159 6159
7159 2144
7160 529
7160 744
7160 1459
7161 5846
7161 99
7161 240
7162 1867
7162 972
7162 4727
7163 143
7163 390
7163 93
7164 832
7164 1749
7164 3
7165 2429
7165 4331
7165 533
7166 163
7166 960
7166 386
7167 5352
7167 285
7167 208
7168 2948
7168 2168
7168 6225
7169 151
7169 2135
7169 253
7170 1682
7170 83
7170 5229
7171 1400
7171 5492
7171 139
7172 1238
7172 4175
7172 9
7173 3011
7173 220
7173 2398
7174 2108
7174 5393
7174 647
7175 6516
7175 1422
7175 1419
7176 7093
7176 3
7176 1078
7177 6914
7177 88
7177 4483
7178 2874
7178 2575
7178 552
7179 3794
7179 4401
7179 637
7180 831
7180 96
7180 812
7181 4146
7181 376
7181 2099
7182 143
7182 0
7182 989
7183 112
7183 4904
7183 3446
7184 4008
7184 3016
7184 450
7185 4294
7185 7097
7185 2831
7186 1800
7186 3156
7186 204
7187 14
7187 4392
7187 669
7188 4556
7188 4719
7188 2166
7189 763
7189 5092
7189 3168
7190 6902
7190 6788
7190 753
7191 6650
7191 5716
7191 3495
7192 1529
7192 1791
7192 6177
7193 6558
7193 962
7193 321
7194 4356
7194 5551
7194 2243
7195 24
7195 287
7195 6444
7196 1703
7196 232
7196 2948
7197 647
7197 4793
7197 15
7198 366
7198 622
7198 1100
7199 3560
7199 539
7199 174
7200 49
7200 373
7200 12
7201 3162
7201 5804
7201 20
7202 2600
7202 2726
7202 1211
7203 3810
7203 4744
7203 1023
7204 5852
7204 155
7204 2147
7205 1200
7205 2778
7205 935
7206 470
7206 5409
7206 589
7207 2597
7207 283
7207 128
7208 57
7208 2101
7208 3200
7209 4761
7209 386
7209 470
7210 31
7210 6411
7210 7200
7211 3744
7211 5
7211 5719
7212 3357
7212 5459
7212 296
7213 1827
7213 1976
7213 6258
7214 1523
7214 6740
7214 309
7215 529
7215 1967
7215 3525
7216 2178
7216 935
7216 5830
7217 406
7217 4793
7217 1754
7218 4810
7218 639
7218 825
7219 359
7219 3818
7219 3830
7220 42
7220 838
7220 570
7221 3818
7221 6413
7221 5503
7222 4092
7222 1673
7222 3619
7223 322
7223 2432
7223 234
7224 548
7224 2238
7224 5525
7225 2
7225 781
7225 5
7226 1771
7226 736
7226 3202
7227 1334
7227 466
7227 2010
7228 230
7228 5819
7228 4328
7229 51
7229 606
7229 641
7230 8
7230 6188
7230 3762
7231 3326
7231 470
7231 5866
7232 90
7232 2046
7232 112
7233 3907
7233 6087
7233 3515
7234 1462
7234 2467
7234 2630
7235 5
7235 3289
7235 1836
7236 5771
7236 2583
7236 2250
7237 947
7237 1404
7237 3516
7238 1505
7238 5405
7238 2877
7239 811
7239 1988
7239 105
7240 1271
7240 2025
7240 598
7241 1202
7241 1866
7241 615
7242 2
7242 23
7242 31
7243 1647
7243 5165
7243 5944
7244 4919
7244 4148
7244 177
7245 976
7245 1029
7245 1517
7246 1204
7246 1600
7246 6
7247 6889
7247 141
7247 688
7248 1195
7248 696
7248 147
7249 180
7249 7223
7249 5268
7250 327
7250 54
7250 3229
7251 3274
7251 84
7251 2542
7252 4187
7252 6050
7252 363
7253 999
7253 245
7253 1488
7254 1009
7254 2459
7254 6807
7255 2652
7255 122
7255 785
7256 3894
7256 184
7256 5922
7257 4039
7257 3503
7257 2519
7258 3108
7258 3545
7258 6881
7259 75
7259 6945
7259 125
7260 6700
7260 5273
7260 56
7261 537
7261 0
7261 4828
7262 3467
7262 7137
7262 2159
7263 610
7263 222
7263 132
7264 179
7264 3088
7264 1462
7265 80
7265 7197
7265 5166
7266 1295
7266 177
7266 924
7267 3334
7267 2338
7267 6579
7268 7204
7268 635
7268 7150
7269 3112
7269 689
7269 3223
7270 4714
7270 1866
7270 145
7271 16
7271 26
7271 3691
7272 609
7272 2503
7272 5726
7273 424
7273 255
7273 1001
7274 6193
7274 206
7274 6571
7275 6912
7275 780
7275 156
7276 113
7276 2649
7276 4897
7277 3860
7277 3564
7277 1266
7278 1499
7278 3627
7278 5910
7279 2199
7279 713
7279 124
7280 787
7280 1579
7280 744
7281 815
7281 230
7281 24
7282 1177
7282 224
7282 5242
7283 81
7283 4844
7283 415
7284 600
7284 245
7284 367
7285 1917
7285 11
7285 4
7286 607
7286 127
7286 3
7287 548
7287 6143
7287 1095
7288 1947
7288 1525
7288 5276
7289 220
7289 4490
7289 1825
7290 1560
7290 780
7290 4354
7291 5
7291 17
7291 442
7292 6770
7292 78
7292 92
7293 46
7293 6288
7293 733
7294 5191
7294 2355
7294 5089
7295 881
7295 3309
7295 580
7296 6183
7296 5352
7296 40
7297 2744
7297 158
7297 6061
7298 3305
7298 1560
7298 88
7299 7
7299 206
7299 696
7300 363
7300 1190
7300 108
7301 5846
7301 589
7301 12
7302 216
7302 6279
7302 5808
7303 48
7303 3997
7303 3072
7304 344
7304 6502
7304 136
7305 15
7305 518
7305 1006
7306 443
7306 20
7306 224
7307 4018
7307 415
7307 2160
7308 1612
7308 710
7308 340
7309 3201
7309 6539
7309 6635
7310 50
7310 267
7310 117
7311 783
7311 2105
7311 2118
7312 248
7312 3610
7312 4142
7313 56
7313 17
7313 2004
7314 78
7314 321
7314 3414
7315 3072
7315 106
7315 2128
7316 6
7316 7279
7316 4845
7317 2359
7317 105
7317 3368
7318 722
7318 5516
7318 6785
7319 81
7319 788
7319 662
7320 48
7320 512
7320 40
7321 4417
7321 3325
7321 105
7322 141
7322 7243
7322 2815
7323 2158
7323 3038
7323 666
7324 5531
7324 331
7324 247
7325 866
7325 220
7325 1561
7326 5625
7326 2067
7326 2650
7327 6356
7327 2865
7327 384
7328 478
7328 6933
7328 2442
7329 4105
7329 686
7329 32
7330 219
7330 143
7330 4913
7331 2764
7331 636
7331 1169
7332 12
7332 3830
7332 7279
7333 4708
7333 404
7333 5393
7334 1826
7334 987
7334 6404
7335 2682
7335 303
7335 583
7336 5069
7336 11
7336 7249
7337 2779
7337 280
7337 1678
7338 7224
7338 5500
7338 29
7339 315
7339 2633
7339 1288
7340 938
7340 27
7340 814
7341 27
7341 2055
7341 7125
7342 2831
7342 3744
7342 423
7343 758
7343 6895
7343 1768
7344 57
7344 4618
7344 1097
7345 256
7345 4989
7345 1128
7346 655
7346 2389
7346 5057
7347 127
7347 528
7347 56
7348 5380
7348 1787
7348 434
7349 173
7349 5532
7349 5667
7350 19
7350 4500
7350 358
7351 3802
7351 3489
7351 6202
7352 2732
7352 3570
7352 5518
7353 2322
7353 6444
7353 14
7354 4431
7354 1126
7354 224
7355 265
7355 4104
7355 490
7356 758
7356 406
7356 5491
7357 4617
7357 9
7357 753
7358 880
7358 1211
7358 52
7359 324
7359 308
7359 4477
7360 64
7360 5597
7360 3936
7361 133
7361 3550
7361 121
7362 524
7362 657
7362 4632
7363 1641
7363 34
7363 2037
7364 7229
7364 1696
7364 4367
7365 7115
7365 621
7365 3245
7366 3814
7366 2519
7366 7233
7367 375
7367 7
7367 947
7368 687
7368 1906
7368 256
7369 4820
7369 959
7369 4655
7370 2496
7370 32
7370 529
7371 1306
7371 233
7371 113
7372 785
7372 5610
7372 6321
7373 6843
7373 5467
7373 3
7374 1739
7374 1437
7374 4
7375 5768
7375 7050
7375 2667
7376 4018
7376 1519
7376 3305
7377 1109
7377 3349
7377 351
7378 28
7378 3463
7378 99
7379 1591
7379 4936
7379 1371
7380 6409
7380 6903
7380 1090
7381 1740
7381 213
7381 9
7382 81
7382 3433
7382 83
7383 3747
7383 158
7383 56
7384 500
7384 2329
7384 5638
7385 2405
7385 7366
7385 5608
7386 533
7386 266
7386 78
7387 5627
7387 23
7387 3787
7388 4663
7388 232
7388 1509
7389 212
7389 3289
7389 368
7390 32
7390 2667
7390 2265
7391 3525
7391 5348
7391 7307
7392 4611
7392 2436
7392 6506
7393 5141
7393 8
7393 694
7394 6440
7394 482
7394 4959
7395 2200
7395 5607
7395 809
7396 2630
7396 4313
7396 545
7397 4169
7397 442
7397 364
7398 3441
7398 481
7398 2480
7399 5316
7399 5688
7399 537
7400 6871
7400 4715
7400 94
7401 3664
7401 6571
7401 3268
7402 5061
7402 6201
7402 6063
7403 207
7403 899
7403 1157
7404 7110
7404 332
7404 691
7405 1192
7405 3084
7405 3032
7406 1903
7406 815
7406 3176
7407 1124
7407 304
7407 3
7408 4821
7408 402
7408 4395
7409 5249
7409 3968
7409 69
7410 399
7410 2020
7410 6395
7411 776
7411 777
7411 2067
7412 672
7412 1590
7412 4405
7413 460
7413 893
7413 1947
7414 1530
7414 7
7414 422
7415 2854
7415 1177
7415 4055
7416 3775
7416 1711
7416 6180
7417 3594
7417 981
7417 1766
7418 4937
7418 855
7418 3693
7419 2777
7419 2680
7419 831
7420 517
7420 61
7420 631
7421 1519
7421 408
7421 5609
7422 193
7422 1528
7422 3151
7423 143
7423 574
7423 4385
7424 1371
7424 5111
7424 1451
7425 548
7425 6841
7425 2294
7426 2109
7426 899
7426 3286
7427 6598
7427 143
7427 865
7428 489
7428 6106
7428 4
7429 1050
7429 1109
7429 2956
7430 2540
7430 7034
7430 4538
7431 12
7431 427
7431 2148
7432 80
7432 4440
7432 379
7433 3073
7433 4919
7433 953
7434 3954
7434 1460
7434 1073
7435 3896
7435 4651
7435 643
7436 1444
7436 220
7436 365
7437 1060
7437 6850
7437 812
7438 1
7438 10
7438 1912
7439 622
7439 42
7439 1046
7440 1671
7440 2873
7440 4602
7441 5085
7441 1574
7441 1112
7442 420
7442 3684
7442 2877
7443 1421
7443 185
7443 1606
7444 1332
7444 1507
7444 217
7445 449
7445 6447
7445 5009
7446 3936
7446 1462
7446 5040
7447 1078
7447 5243
7447 890
7448 4941
7448 179
7448 1473
7449 2465
7449 3081
7449 497
7450 6430
7450 5661
7450 6980
7451 2263
7451 96
7451 32
7452 2608
7452 1735
7452 1205
7453 4247
7453 3448
7453 6139
7454 609
7454 1562
7454 590
7455 687
7455 625
7455 618
7456 167
7456 8
7456 2153
7457 23
7457 2151
7457 671
7458 4547
7458 7231
7458 3005
7459 6835
7459 403
7459 5979
7460 208
7460 4963
7460 19
7461 282
7461 733
7461 2533
7462 7103
7462 265
7462 3695
7463 696
7463 7126
7463 5209
7464 4701
7464 7376
7464 949
7465 7383
7465 350
7465 1757
7466 787
7466 3640
7466 26
7467 1529
7467 2698
7467 1323
7468 187
7468 3657
7468 1094
7469 4105
7469 140
7469 3387
7470 82
7470 4662
7470 77
7471 670
7471 6404
7471 4185
7472 463
7472 158
7472 218
7473 3147
7473 69
7473 7
7474 1190
7474 0
7474 1909
7475 1743
7475 9
7475 2813
7476 5098
7476 2025
7476 2170
7477 643
7477 33
7477 2792
7478 1837
7478 820
7478 2552
7479 4591
7479 522
7479 45
7480 3557
7480 2784
7480 3
7481 1638
7481 651
7481 2054
7482 4018
7482 2614
7482 1819
7483 20
7483 3950
7483 4272
7484 2403
7484 768
7484 932
7485 1142
7485 1448
7485 7349
7486 2452
7486 1000
7486 99
7487 950
7487 221
7487 1447
7488 229
7488 5393
7488 1336
7489 4348
7489 6515
7489 323
7490 948
7490 6508
7490 703
7491 459
7491 5759
7491 6015
7492 3422
7492 2217
7492 3453
7493 2162
7493 6316
7493 5719
7494 7
7494 1294
7494 255
7495 55
7495 429
7495 238
7496 77
7496 3767
7496 583
7497 57
7497 1799
7497 2970
7498 1668
7498 75
7498 20
7499 763
7499 1897
7499 4642
7500 1987
7500 2955
7500 3611
7501 6883
7501 158
7501 601
7502 289
7502 1507
7502 794
7503 654
7503 5073
7503 7106
7504 1093
7504 552
7504 4306
7505 5135
7505 1176
7505 3044
7506 1210
7506 3533
7506 163
7507 2635
7507 409
7507 2280
7508 5863
7508 7473
7508 1782
7509 2136
7509 1350
7509 3930
7510 4572
7510 476
7510 6044
7511 2803
7511 1882
7511 2788
7512 5277
7512 60
7512 6631
7513 58
7513 5244
7513 4533
7514 2
7514 255
7514 4852
7515 207
7515 666
7515 2042
7516 459
7516 506
7516 2
7517 1326
7517 481
7517 3527
7518 3076
7518 706
7518 108
7519 220
7519 628
7519 1572
7520 7146
7520 82
7520 558
7521 3674
7521 2316
7521 55
7522 287
7522 368
7522 336
7523 578
7523 12
7523 1530
7524 2744
7524 5390
7524 358
7525 2143
7525 2583
7525 7384
7526 1564
7526 57
7526 1930
7527 4257
7527 7172
7527 2036
7528 5837
7528 415
7528 2759
7529 6352
7529 2406
7529 4170
7530 3967
7530 396
7530 2944
7531 366
7531 310
7531 1765
7532 3219
7532 6591
7532 1447
7533 5950
7533 3259
7533 5731
7534 410
7534 1929
7534 1387
7535 1680
7535 168
7535 2876
7536 6908
7536 3394
7536 4958
7537 2582
7537 313
7537 235
7538 68
7538 2336
7538 7239
7539 960
7539 2627
7539 2667
7540 4024
7540 5698
7540 199
7541 1059
7541 2266
7541 1630
7542 36
7542 22
7542 23
7543 33
7543 79
7543 4076
7544 1854
7544 196
7544 3028
7545 14
7545 604
7545 2829
7546 2788
7546 5416
7546 2632
7547 38
7547 4009
7547 809
7548 3744
7548 5402
7548 706
7549 1739
7549 4794
7549 7440
7550 162
7550 278
7550 177
7551 2627
7551 373
7551 842
7552 100
7552 5576
7552 1651
7553 803
7553 2931
7553 5273
7554 2073
7554 4972
7554 4830
7555 6
7555 552
7555 65
7556 3035
7556 1578
7556 3950
7557 6603
7557 4011
7557 5585
7558 5182
7558 15
7558 427
7559 5017
7559 1696
7559 334
7560 4010
7560 3805
7560 241
7561 4853
7561 908
7561 5555
7562 111
7562 1086
7562 3993
7563 2863
7563 2060
7563 5363
7564 5221
7564 3934
7564 6747
7565 1446
7565 211
7565 5548
7566 1580
7566 5166
7566 3491
7567 4
7567 1472
7567 514
7568 169
7568 7148
7568 671
7569 3699
7569 889
7569 3993
7570 2131
7570 30
7570 3814
7571 5260
7571 2680
7571 339
7572 1492
7572 57
7572 76
7573 2244
7573 85
7573 5767
7574 4839
7574 1393
7574 7043
7575 6584
7575 187
7575 55
7576 536
7576 155
7576 5437
7577 54
7577 3507
7577 1208
7578 4799
7578 1810
7578 2830
7579 169
7579 3650
7579 434
7580 37
7580 2066
7580 3833
7581 4058
7581 2096
7581 700
7582 4343
7582 6036
7582 1496
7583 5
7583 3
7583 4599
7584 6509
7584 3644
7584 957
7585 5700
7585 2055
7585 6618
7586 470
7586 1537
7586 6723
7587 2330
7587 232
7587 146
7588 2071
7588 2270
7588 3205
7589 1807
7589 626
7589 2284
7590 1029
7590 1222
7590 5449
7591 0
7591 10
7591 3381
7592 1398
7592 2779
7592 1267
7593 2286
7593 4336
7593 11
7594 647
7594 525
7594 55
7595 86
7595 4136
7595 342
7596 46
7596 35
7596 4606
7597 336
7597 610
7597 6425
7598 6023
7598 23
7598 3328
7599 3
7599 1107
7599 106
7600 1553
7600 5
7600 996
7601 578
7601 1475
7601 5863
7602 124
7602 1093
7602 26
7603 6560
7603 1659
7603 1579
7604 1786
7604 7510
7604 666
7605 1432
7605 1811
7605 667
7606 1405
7606 1524
7606 391
7607 3
7607 3156
7607 2552
7608 410
7608 1421
7608 4924
7609 1428
7609 5005
7609 42
7610 1935
7610 891
7610 694
7611 17
7611 75
7611 5029
7612 5677
7612 1681
7612 406
7613 1140
7613 4973
7613 5552
7614 2263
7614 3692
7614 1548
7615 3238
7615 28
7615 6478
7616 141
7616 3223
7616 2026
7617 4501
7617 288
7617 273
7618 177
7618 3622
7618 5713
7619 2067
7619 55
7619 7454
7620 4028
7620 6169
7620 1252
7621 273
7621 233
7621 2964
7622 1460
7622 6896
7622 194
7623 666
7623 5522
7623 6236
7624 882
7624 1863
7624 235
7625 7278
7625 3706
7625 1312
7626 1124
7626 3416
7626 1948
7627 2709
7627 6904
7627 131
7628 3440
7628 472
7628 28
7629 4353
7629 4960
7629 5486
7630 2580
7630 759
7630 5834
7631 2552
7631 2792
7631 176
7632 3832
7632 6458
7632 3954
7633 2987
7633 2359
7633 893
7634 187
7634 2814
7634 3229
7635 4265
7635 30
7635 6309
7636 548
7636 48
7636 1517
7637 1771
7637 236
7637 748
7638 2707
7638 3966
7638 7009
7639 5178
7639 925
7639 175
7640 1270
7640 4827
7640 5589
7641 884
7641 5462
7641 1948
7642 3004
7642 5040
7642 345
7643 943
7643 1862
7643 1006
7644 3689
7644 3145
7644 1266
7645 314
7645 552
7645 5181
7646 204
7646 1554
7646 2346
7647 2322
7647 1735
7647 137
7648 4530
7648 5205
7648 8
7649 429
7649 3118
7649 329
7650 3
7650 149
7650 1792
7651 4357
7651 1827
7651 2004
7652 5785
7652 39
7652 95
7653 165
7653 3308
7653 5075
7654 7053
7654 6778
7654 1572
7655 6396
7655 2773
7655 1738
7656 3917
7656 2907
7656 5520
7657 590
7657 3023
7657 6225
7658 2416
7658 2483
7658 4367
7659 1475
7659 3958
7659 6634
7660 5923
7660 5503
7660 5891
7661 6273
7661 3355
7661 1289
7662 3250
7662 2
7662 386
7663 730
7663 2886
7663 3802
7664 6811
7664 432
7664 4456
7665 23
7665 1293
7665 1866
7666 4112
7666 3929
7666 3876
7667 3405
7667 2424
7667 6114
7668 624
7668 2
7668 5671
7669 855
7669 6109
7669 1805
7670 1778
7670 5646
7670 672
7671 7654
7671 437
7671 949
7672 692
7672 4575
7672 1293
7673 608
7673 3177
7673 1859
7674 2510
7674 4189
7674 48
7675 60
7675 1080
7675 7
7676 372
7676 527
7676 3784
7677 746
7677 139
7677 31
7678 2895
7678 7035
7678 4491
7679 4651
7679 3032
7679 74
7680 437
7680 2650
7680 6345
7681 2280
7681 370
7681 566
7682 1047
7682 294
7682 5579
7683 810
7683 632
7683 1824
7684 4194
7684 1915
7684 716
7685 4
7685 17
7685 408
7686 3532
7686 4503
7686 1590
7687 1151
7687 6179
7687 2768
7688 361
7688 113
7688 2102
7689 5993
7689 2630
7689 188
7690 1937
7690 1584
7690 2128
7691 5196
7691 261
7691 133
7692 706
7692 5025
7692 1975
7693 2224
7693 36
7693 2970
7694 1874
7694 293
7694 829
7695 1549
7695 4295
7695 3553
7696 6735
7696 2367
7696 4964
7697 787
7697 4765
7697 5219
7698 3014
7698 63
7698 7537
7699 6391
7699 317
7699 305
7700 1805
7700 247
7700 7149
7701 47
7701 595
7701 7546
7702 5999
7702 201
7702 1719
7703 1437
7703 706
7703 6850
7704 749
7704 2722
7704 4770
7705 7261
7705 1926
7705 276
7706 123
7706 2265
7706 1643
7707 6124
7707 240
7707 83
7708 2972
7708 979
7708 426
7709 6105
7709 6106
7709 6060
7710 412
7710 6982
7710 2839
7711 7
7711 7699
7711 6247
7712 1660
7712 76
7712 5402
7713 2187
7713 7
7713 1332
7714 450
7714 66
7714 75
7715 1192
7715 3281
7715 3491
7716 823
7716 1846
7716 7009
7717 2821
7717 2964
7717 4169
7718 127
7718 183
7718 5436
7719 110
7719 538
7719 121
7720 350
7720 10
7720 33
7721 74
7721 5
7721 23
7722 453
7722 1811
7722 166
7723 5402
7723 2417
7723 1719
7724 5062
7724 3270
7724 75
7725 311
7725 937
7725 2768
7726 1384
7726 462
7726 7197
7727 3814
7727 25
7727 789
7728 1427
7728 1200
7728 691
7729 937
7729 1436
7729 212
7730 1847
7730 816
7730 188
7731 5398
7731 227
7731 5847
7732 6183
7732 548
7732 3557
7733 7440
7733 471
7733 1903
7734 2255
7734 2402
7734 6225
7735 492
7735 383
7735 4374
7736 429
7736 14
7736 2394
7737 747
7737 607
7737 2253
7738 2776
7738 4892
7738 7692
7739 2510
7739 2419
7739 79
7740 541
7740 622
7740 6292
7741 496
7741 2920
7741 691
7742 5380
7742 562
7742 4474
7743 212
7743 742
7743 786
7744 695
7744 321
7744 107
7745 4890
7745 5805
7745 1340
7746 6544
7746 2321
7746 5288
7747 423
7747 73
7747 3282
7748 676
7748 7055
7748 704
7749 2654
7749 992
7749 6316
7750 3023
7750 5044
7750 5522
7751 2838
7751 5256
7751 4967
7752 396
7752 7700
7752 3177
7753 3417
7753 3284
7753 1187
7754 1131
7754 3424
7754 3493
7755 1751
7755 3874
7755 610
7756 1338
7756 5235
7756 558
7757 4324
7757 61
7757 9
7758 3073
7758 462
7758 6565
7759 3277
7759 3930
7759 1159
7760 4663
7760 2579
7760 4116
7761 596
7761 702
7761 7083
7762 6389
7762 54
7762 4312
7763 6212
7763 2963
7763 1420
7764 20
7764 4
7764 3947
7765 1267
7765 898
7765 582
7766 130
7766 3841
7766 143
7767 6260
7767 7209
7767 8
7768 544
7768 140
7768 840
7769 6875
7769 7205
7769 185
7770 869
7770 5796
7770 824
7771 4744
7771 1023
7771 3967
7772 57
7772 329
7772 374
7773 793
7773 353
7773 6338
7774 2097
7774 1414
7774 5830
7775 2131
7775 2741
7775 3118
7776 5967
7776 1692
7776 1288
7777 845
7777 7111
7777 4572
7778 6327
7778 713
7778 1263
7779 4986
7779 7099
7779 4540
7780 1766
7780 2311
7780 2373
7781 490
7781 3729
7781 1071
7782 33
7782 149
7782 7215
7783 911
7783 1385
7783 4229
7784 5610
7784 1605
7784 105
7785 11
7785 4953
7785 6900
7786 1409
7786 5574
7786 3099
7787 7
7787 948
7787 23
7788 1511
7788 153
7788 2919
7789 4
7789 2242
7789 233
7790 2315
7790 4070
7790 6585
7791 3233
7791 1183
7791 47
7792 3947
7792 78
7792 382
7793 813
7793 4137
7793 1800
7794 3453
7794 3601
7794 16
7795 245
7795 4292
7795 11
7796 5741
7796 690
7796 5537
7797 6795
7797 1407
7797 693
7798 4132
7798 137
7798 79
7799 4744
7799 3675
7799 364
7800 1394
7800 2938
7800 1040
7801 1302
7801 3069
7801 1716
7802 4209
7802 2224
7802 6033
7803 1226
7803 2405
7803 910
7804 2033
7804 303
7804 5900
7805 2403
7805 455
7805 1026
7806 4287
7806 4716
7806 1921
7807 840
7807 880
7807 650
7808 1162
7808 1541
7808 1594
7809 7068
7809 1807
7809 2347
7810 2085
7810 7
7810 842
7811 3639
7811 41
7811 4243
7812 58
7812 3027
7812 108
7813 2241
7813 3967
7813 6348
7814 79
7814 378
7814 3980
7815 702
7815 7042
7815 5186
7816 3651
7816 399
7816 1176
7817 181
7817 6427
7817 2190
7818 782
7818 2236
7818 281
7819 3199
7819 66
7819 1868
7820 327
7820 2161
7820 5511
7821 1432
7821 6403
7821 3984
7822 2087
7822 7505
7822 99
7823 1263
7823 271
7823 3691
7824 3212
7824 946
7824 2325
7825 99
7825 2069
7825 2
7826 452
7826 7639
7826 1139
7827 119
7827 2089
7827 1081
7828 3459
7828 570
7828 6540
7829 7805
7829 5709
7829 3367
7830 1280
7830 2783
7830 1193
7831 1711
7831 3177
7831 83
7832 245
7832 5021
7832 1094
7833 1365
7833 1103
7833 3068
7834 1877
7834 659
7834 3575
7835 995
7835 1808
7835 1399
7836 351
7836 1522
7836 170
7837 4756
7837 34
7837 6715
7838 720
7838 2341
7838 2959
7839 524
7839 869
7839 1774
7840 5231
7840 790
7840 99
7841 2309
7841 5675
7841 5574
7842 3829
7842 101
7842 6644
7843 895
7843 1721
7843 1
7844 300
7844 682
7844 459
7845 550
7845 2620
7845 1182
7846 3827
7846 6651
7846 127
7847 445
7847 1673
7847 6638
7848 5490
7848 4967
7848 957
7849 1375
7849 6396
7849 67
7850 1806
7850 401
7850 1556
7851 7294
7851 3992
7851 1129
7852 7359
7852 1799
7852 99
7853 771
7853 1437
7853 3480
7854 161
7854 798
7854 6904
7855 1552
7855 1710
7855 699
7856 489
7856 5883
7856 704
7857 9
7857 7088
7857 187
7858 5280
7858 1228
7858 35
7859 2921
7859 366
7859 3532
7860 2052
7860 3173
7860 6117
7861 365
7861 7
7861 145
7862 3
7862 17
7862 400
7863 96
7863 965
7863 1465
7864 4415
7864 115
7864 99
7865 4334
7865 329
7865 78
7866 3834
7866 4351
7866 4524
7867 2244
7867 3887
7867 76
7868 869
7868 4170
7868 4
7869 3571
7869 27
7869 1142
7870 1138
7870 931
7870 1536
7871 3545
7871 268
7871 1303
7872 430
7872 4
7872 220
7873 6430
7873 6
7873 3373
7874 7612
7874 122
7874 6323
7875 2026
7875 928
7875 4845
7876 1345
7876 3823
7876 5902
7877 132
7877 149
7877 191
7878 7283
7878 6322
7878 70
7879 6335
7879 2398
7879 742
7880 5242
7880 7810
7880 2831
7881 749
7881 6725
7881 1203
7882 4284
7882 3396
7882 6192
7883 1760
7883 3296
7883 755
7884 2221
7884 2481
7884 1785
7885 32
7885 6055
7885 376
7886 48
7886 5329
7886 6940
7887 3110
7887 7774
7887 9
7888 564
7888 34
7888 6067
7889 6
7889 83
7889 1816
7890 78
7890 3842
7890 7439
7891 2356
7891 807
7891 4689
7892 1924
7892 3138
7892 143
7893 5006
7893 1012
7893 440
7894 2896
7894 4013
7894 1192
7895 3438
7895 1086
7895 9
7896 3318
7896 1323
7896 573
7897 7066
7897 5926
7897 2
7898 3717
7898 2236
7898 836
7899 4853
7899 6042
7899 6240
7900 4905
7900 3429
7900 2
7901 1161
7901 2053
7901 277
7902 6309
7902 1849
7902 5392
7903 4418
7903 422
7903 413
7904 232
7904 427
7904 2144
7905 219
7905 3027
7905 3037
7906 176
7906 5135
7906 5824
7907 2513
7907 3110
7907 2078
7908 7369
7908 946
7908 1634
7909 2053
7909 3285
7909 3030
7910 626
7910 27
7910 1031
7911 1439
7911 4946
7911 3105
7912 11
7912 878
7912 3601
7913 168
7913 3018
7913 492
7914 7272
7914 1225
7914 6411
7915 545
7915 3446
7915 1371
7916 791
7916 5001
7916 6106
7917 1743
7917 153
7917 3515
7918 216
7918 378
7918 3850
7919 3310
7919 3094
7919 342
7920 490
7920 14
7920 55
7921 2372
7921 1736
7921 4241
7922 1751
7922 247
7922 931
7923 4966
7923 7654
7923 4919
7924 5361
7924 7567
7924 3429
7925 3991
7925 6030
7925 3336
7926 3030
7926 56
7926 555
7927 2773
7927 5201
7927 1955
7928 1068
7928 4538
7928 7559
7929 1364
7929 52
7929 3819
7930 1014
7930 6322
7930 3832
7931 5354
7931 3079
7931 2366
7932 1491
7932 4650
7932 177
7933 1410
7933 1390
7933 7210
7934 1101
7934 938
7934 5948
7935 51
7935 1101
7935 3813
7936 449
7936 3683
7936 1255
7937 3661
7937 6381
7937 31
7938 682
7938 1017
7938 412
7939 17
7939 1544
7939 6371
7940 131
7940 7398
7940 18
7941 2668
7941 3575
7941 855
7942 23
7942 220
7942 5141
7943 417
7943 3274
7943 731
7944 2509
7944 4035
7944 704
7945 108
7945 3983
7945 104
7946 7863
7946 273
7946 305
7947 3376
7947 5713
7947 7204
7948 3552
7948 1
7948 5286
7949 2360
7949 78
7949 3909
7950 54
7950 5072
7950 3290
7951 3637
7951 4010
7951 5
7952 5147
7952 1780
7952 351
7953 5634
7953 15
7953 4233
7954 1896
7954 472
7954 2358
7955 7767
7955 4324
7955 221
7956 167
7956 236
7956 6369
7957 1217
7957 3306
7957 7018
7958 905
7958 200
7958 423
7959 416
7959 1853
7959 7
7960 4138
7960 1092
7960 641
7961 88
7961 7654
7961 355
7962 4831
7962 1813
7962 2609
7963 7954
7963 5489
7963 1707
7964 6959
7964 380
7964 4607
7965 75
7965 6369
7965 245
7966 131
7966 1271
7966 1427
7967 2587
7967 466
7967 1745
7968 513
7968 7
7968 4491
7969 815
7969 903
7969 3400
7970 6686
7970 5160
7970 6927
7971 1684
7971 777
7971 10
7972 6060
7972 254
7972 698
7973 6710
7973 1909
7973 5074
7974 957
7974 2304
7974 1192
7975 4387
7975 145
7975 185
7976 7
7976 4
7976 553
7977 2714
7977 642
7977 4910
7978 3240
7978 187
7978 1144
7979 287
7979 301
7979 3891
7980 5828
7980 6022
7980 2387
7981 3110
7981 1091
7981 75
7982 559
7982 2763
7982 191
7983 5516
7983 5895
7983 3082
7984 3072
7984 680
7984 4239
7985 3501
7985 3612
7985 1994
7986 187
7986 3086
7986 1620
7987 3634
7987 5292
7987 2767
7988 5336
7988 2177
7988 5365
7989 1329
7989 6875
7989 1886
7990 184
7990 268
7990 6423
7991 3441
7991 20
7991 7678
7992 2081
7992 285
7992 1941
7993 1314
7993 2094
7993 934
7994 1859
7994 2667
7994 3587
7995 27
7995 2158
7995 2323
7996 1151
7996 3069
7996 3490
7997 1889
7997 4877
7997 1105
7998 3184
7998 1772
7998 7997
7999 4228
7999 1421
7999 706
8000 221
8000 7083
8000 514
8001 1266
8001 1915
8001 458
8002 6540
8002 4599
8002 211
8003 5654
8003 1699
8003 1750
8004 5788
8004 7769
8004 3605
8005 99
8005 4016
8005 4801
8006 71
8006 507
8006 4852
8007 7107
8007 416
8007 3123
8008 582
8008 1500
8008 6583
8009 3791
8009 71
8009 2767
8010 5537
8010 2
8010 2190
8011 2669
8011 7158
8011 362
8012 1301
8012 1028
8012 4105
8013 5604
8013 215
8013 3907
8014 1530
8014 486
8014 184
8015 867
8015 7137
8015 297
8016 1029
8016 2300
8016 310
8017 1212
8017 27
8017 933
8018 1593
8018 3939
8018 1843
8019 92
8019 3
8019 1514
8020 2253
8020 84
8020 1204
8021 692
8021 645
8021 1158
8022 213
8022 99
8022 2159
8023 7419
8023 1100
8023 3507
8024 191
8024 1404
8024 4220
8025 6955
8025 6158
8025 124
8026 5202
8026 4690
8026 5638
8027 7331
8027 1234
8027 2190
8028 85
8028 666
8028 36
8029 253
8029 7035
8029 5515
8030 2530
8030 6387
8030 78
8031 5335
8031 1323
8031 787
8032 740
8032 988
8032 691
8033 6060
8033 5865
8033 555
8034 309
8034 7
8034 1138
8035 786
8035 34
8035 6388
8036 7467
8036 3
8036 4464
8037 25
8037 8033
8037 1825
8038 654
8038 360
8038 5982
8039 492
8039 134
8039 988
8040 569
8040 2559
8040 6
8041 675
8041 80
8041 167
8042 3791
8042 4536
8042 609
8043 0
8043 1639
8043 222
8044 79
8044 4536
8044 2284
8045 832
8045 1068
8045 1612
8046 2602
8046 128
8046 655
8047 1428
8047 5547
8047 7986
8048 233
8048 473
8048 9
8049 1526
8049 4532
8049 235
8050 1739
8050 10
8050 3236
8051 7837
8051 1096
8051 1643
8052 5393
8052 1612
8052 1567
8053 7430
8053 14
8053 1401
8054 7600
8054 7
8054 7623
8055 3875
8055 1340
8055 2466
8056 468
8056 384
8056 635
8057 2430
8057 322
8057 1592
8058 2034
8058 6090
8058 7272
8059 6517
8059 1116
8059 224
8060 4936
8060 149
8060 5986
8061 1964
8061 170
8061 20
8062 7679
8062 144
8062 1167
8063 2157
8063 7890
8063 3277
8064 67
8064 2920
8064 12
8065 5160
8065 5612
8065 7969
8066 5
8066 117
8066 197
8067 15
8067 6525
8067 19
8068 1256
8068 2040
8068 57
8069 6782
8069 6786
8069 403
8070 8018
8070 4421
8070 898
8071 3626
8071 1127
8071 3081
8072 3572
8072 1538
8072 3381
8073 1189
8073 6723
8073 1135
8074 5407
8074 88
8074 128
8075 4999
8075 51
8075 250
8076 5758
8076 3768
8076 767
8077 3199
8077 1194
8077 1773
8078 649
8078 771
8078 99
8079 4038
8079 1234
8079 376
8080 4874
8080 7044
8080 2575
8081 5220
8081 417
8081 130
8082 816
8082 6
8082 869
8083 3634
8083 3947
8083 145
8084 1070
8084 6008
8084 862
8085 3496
8085 505
8085 1030
8086 2201
8086 2992
8086 1030
8087 1130
8087 2808
8087 3
8088 4744
8088 5893
8088 3850
8089 3603
8089 201
8089 3307
8090 3587
8090 32
8090 107
8091 408
8091 5999
8091 2467
8092 6222
8092 3030
8092 1489
8093 3353
8093 2034
8093 6866
8094 7063
8094 5504
8094 2401
8095 7
8095 18
8095 6568
8096 2176
8096 5970
8096 1873
8097 2477
8097 7146
8097 871
8098 5992
8098 3580
8098 7927
8099 1366
8099 1250
8099 2820
8100 8094
8100 2199
8100 6598
8101 2436
8101 4351
8101 4418
8102 3117
8102 4457
8102 97
8103 1014
8103 7580
8103 140
8104 232
8104 6078
8104 2819
8105 192
8105 80
8105 6701
8106 3783
8106 2940
8106 48
8107 2871
8107 5567
8107 4700
8108 255
8108 7942
8108 1430
8109 7190
8109 1662
8109 3144
8110 177
8110 5177
8110 882
8111 1027
8111 4066
8111 4950
8112 1749
8112 329
8112 5005
8113 4067
8113 6446
8113 5661
8114 5311
8114 200
8114 3006
8115 121
8115 6
8115 3381
8116 2351
8116 1628
8116 3196
8117 4487
8117 254
8117 1605
8118 2223
8118 3197
8118 6394
8119 5701
8119 1050
8119 6571
8120 4387
8120 548
8120 6469
8121 7925
8121 5379
8121 6956
8122 1867
8122 204
8122 3692
8123 521
8123 4582
8123 211
8124 1100
8124 842
8124 4565
8125 895
8125 6487
8125 1557
8126 3825
8126 6020
8126 4239
8127 4917
8127 3648
8127 4483
8128 1755
8128 6251
8128 3407
8129 4897
8129 7804
8129 5436
8130 2387
8130 1996
8130 7612
8131 4538
8131 474
8131 7583
8132 1353
8132 3869
8132 2179
8133 41
8133 3467
8133 252
8134 2068
8134 2236
8134 6976
8135 283
8135 463
8135 1590
8136 274
8136 7113
8136 433
8137 921
8137 5754
8137 3452
8138 1979
8138 792
8138 12
8139 4945
8139 199
8139 7751
8140 4321
8140 807
8140 1671
8141 2570
8141 3485
8141 519
8142 74
8142 6622
8142 682
8143 82
8143 3537
8143 625
8144 4688
8144 2370
8144 5557
8145 3314
8145 1755
8145 2114
8146 7445
8146 7010
8146 2944
8147 4218
8147 1816
8147 3247
8148 719
8148 997
8148 1430
8149 1560
8149 580
8149 170
8150 3410
8150 219
8150 191
8151 2813
8151 3
8151 2382
8152 1278
8152 1121
8152 3
8153 7133
8153 220
8153 696
8154 5429
8154 2032
8154 1137
8155 2789
8155 675
8155 2045
8156 2807
8156 6001
8156 7082
8157 2256
8157 92
8157 4302
8158 7683
8158 195
8158 7146
8159 6877
8159 1839
8159 2737
8160 124
8160 105
8160 3121
8161 1050
8161 249
8161 1558
8162 1195
8162 6129
8162 6190
8163 2903
8163 16
8163 6482
8164 233
8164 303
8164 1773
8165 20
8165 4870
8165 4382
8166 14
8166 106
8166 555
8167 2510
8167 1271
8167 492
8168 1658
8168 74
8168 673
8169 6167
8169 1574
8169 7778
8170 2792
8170 965
8170 282
8171 51
8171 291
8171 3574
8172 1297
8172 20
8172 506
8173 4939
8173 2191
8173 257
8174 694
8174 3027
8174 1880
8175 7530
8175 6140
8175 6180
8176 212
8176 2423
8176 1134
8177 4195
8177 3469
8177 4670
8178 5847
8178 4489
8178 2572
8179 2672
8179 3288
8179 851
8180 535
8180 1827
8180 2916
8181 35
8181 7248
8181 5443
8182 7590
8182 482
8182 470
8183 1633
8183 1027
8183 7
8184 630
8184 4905
8184 1297
8185 452
8185 5146
8185 696
8186 3276
8186 4367
8186 903
8187 412
8187 6234
8187 4652
8188 401
8188 2051
8188 3318
8189 2256
8189 5091
8189 2855
8190 31
8190 2
8190 1975
8191 7815
8191 562
8191 417
8192 5009
8192 3243
8192 384
8193 175
8193 35
8193 742
8194 987
8194 4539
8194 1685
8195 5108
8195 2349
8195 2177
8196 453
8196 5057
8196 389
8197 666
8197 6636
8197 3525
8198 2424
8198 3995
8198 23
8199 1559
8199 4650
8199 742
8200 6059
8200 2463
8200 779
8201 1007
8201 1384
8201 6172
8202 1362
8202 251
8202 721
8203 866
8203 1458
8203 6321
8204 4926
8204 3683
8204 2341
8205 986
8205 1175
8205 2597
8206 3931
8206 6837
8206 1108
8207 2927
8207 6549
8207 3867
8208 3355
8208 6972
8208 481
8209 146
8209 6588
8209 2
8210 6
8210 2932
8210 1113
8211 3
8211 1758
8211 3312
8212 3123
8212 3790
8212 972
8213 1579
8213 7252
8213 470
8214 801
8214 416
8214 7796
8215 2661
8215 1882
8215 6351
8216 125
8216 7217
8216 1854
8217 7246
8217 3394
8217 2257
8218 14
8218 2284
8218 6793
8219 15
8219 1155
8219 808
8220 90
8220 1340
8220 20
8221 4879
8221 61
8221 4054
8222 3901
8222 1442
8222 1494
8223 5401
8223 1402
8223 7050
8224 6360
8224 211
8224 787
8225 1580
8225 1709
8225 6199
8226 2008
8226 6725
8226 4606
8227 3561
8227 14
8227 368
8228 495
8228 7178
8228 615
8229 2861
8229 12
8229 7050
8230 406
8230 4557
8230 8094
8231 1591
8231 1439
8231 7665
8232 7221
8232 11
8232 368
8233 413
8233 426
8233 8012
8234 3255
8234 1917
8234 524
8235 199
8235 1456
8235 6779
8236 648
8236 233
8236 2274
8237 1940
8237 5345
8237 645
8238 2394
8238 3903
8238 2466
8239 4193
8239 1597
8239 619
8240 74
8240 345
8240 6784
8241 334
8241 127
8241 424
8242 679
8242 1429
8242 2495
8243 5928
8243 12
8243 5223
8244 6671
8244 6999
8244 1011
8245 2040
8245 4974
8245 6842
8246 583
8246 95
8246 2645
8247 1633
8247 1597
8247 5660
8248 2486
8248 2953
8248 2623
8249 486
8249 5672
8249 4599
8250 7967
8250 4092
8250 5802
8251 3895
8251 5287
8251 5654
8252 4324
8252 4713
8252 4636
8253 20
8253 219
8253 1175
8254 1338
8254 558
8254 2477
8255 4520
8255 7787
8255 7418
8256 3084
8256 751
8256 4607
8257 8
8257 690
8257 236
8258 3626
8258 5639
8258 6606
8259 1145
8259 487
8259 719
8260 6164
8260 5220
8260 395
8261 1478
8261 3532
8261 2442
8262 1286
8262 7208
8262 1239
8263 2319
8263 1654
8263 163
8264 34
8264 137
8264 403
8265 1418
8265 1743
8265 3356
8266 3152
8266 1388
8266 132
8267 8101
8267 6338
8267 5906
8268 6180
8268 396
8268 7953
8269 1469
8269 5826
8269 2770
8270 565
8270 8140
8270 8058
8271 1101
8271 8012
8271 4616
8272 645
8272 3856
8272 2
8273 2438
8273 368
8273 7665
8274 6115
8274 1548
8274 16
8275 118
8275 614
8275 1227
8276 7610
8276 5695
8276 5335
8277 7449
8277 3419
8277 1833
8278 1561
8278 4995
8278 326
8279 698
8279 1496
8279 12
8280 1760
8280 8178
8280 1373
8281 3818
8281 7246
8281 55
8282 1080
8282 1253
8282 1719
8283 2530
8283 5103
8283 226
8284 3542
8284 203
8284 3714
8285 81
8285 4178
8285 3253
8286 2534
8286 5219
8286 559
8287 3059
8287 111
8287 3109
8288 248
8288 4129
8288 6743
8289 2996
8289 3359
8289 1193
8290 1885
8290 2792
8290 236
8291 1654
8291 3561
8291 7639
8292 4667
8292 2326
8292 1142
8293 3415
8293 7261
8293 3584
8294 7567
8294 5191
8294 7670
8295 2445
8295 2542
8295 4164
8296 2217
8296 2462
8296 5537
8297 1157
8297 2272
8297 6786
8298 691
8298 8169
8298 147
8299 446
8299 133
8299 7136
8300 3261
8300 1624
8300 7481
8301 8069
8301 48
8301 4931
8302 6779
8302 3674
8302 5577
8303 304
8303 4062
8303 1864
8304 5530
8304 1124
8304 2487
8305 4931
8305 7415
8305 99
8306 3455
8306 2630
8306 10
8307 1835
8307 5824
8307 33
8308 1831
8308 41
8308 367
8309 2029
8309 2457
8309 4274
8310 16
8310 1404
8310 3670
8311 7007
8311 3568
8311 3410
8312 1169
8312 6945
8312 7867
8313 6978
8313 7143
8313 2543
8314 5574
8314 1125
8314 79
8315 2433
8315 4001
8315 2770
8316 2206
8316 5078
8316 5547
8317 99
8317 3390
8317 241
8318 937
8318 949
8318 749
8319 578
8319 583
8319 879
8320 77
8320 1585
8320 4527
8321 1390
8321 2426
8321 3765
8322 186
8322 7
8322 65
8323 113
8323 4910
8323 1588
8324 1152
8324 6461
8324 5444
8325 7498
8325 4403
8325 42
8326 1037
8326 5234
8326 669
8327 7552
8327 99
8327 3534
8328 4
8328 6543
8328 1895
8329 68
8329 1377
8329 2101
8330 7398
8330 6917
8330 35
8331 329
8331 2683
8331 4688
8332 16
8332 813
8332 381
8333 3203
8333 483
8333 4499
8334 4610
8334 5347
8334 775
8335 3227
8335 2166
8335 2305
8336 142
8336 4
8336 849
8337 3068
8337 790
8337 3132
8338 2869
8338 6513
8338 133
8339 317
8339 177
8339 2314
8340 230
8340 5115
8340 4687
8341 397
8341 3811
8341 2784
8342 3793
8342 5772
8342 453
8343 5045
8343 23
8343 1989
8344 362
8344 7732
8344 4821
8345 5213
8345 2725
8345 306
8346 3068
8346 4408
8346 2791
8347 4876
8347 6159
8347 363
8348 12
8348 6312
8348 4429
8349 7627
8349 1899
8349 5605
8350 5030
8350 3512
8350 3829
8351 2406
8351 5588
8351 5816
8352 208
8352 940
8352 236
8353 1364
8353 99
8353 1602
8354 58
8354 4839
8354 3732
8355 1951
8355 220
8355 5623
8356 6318
8356 552
8356 868
8357 342
8357 4220
8357 3818
8358 6219
8358 6146
8358 1697
8359 1519
8359 173
8359 7481
8360 1489
8360 2642
8360 9
8361 4149
8361 4907
8361 5
8362 3023
8362 4106
8362 5309
8363 5095
8363 3695
8363 1245
8364 450
8364 252
8364 5922
8365 3825
8365 525
8365 229
8366 3371
8366 8156
8366 7895
8367 6250
8367 965
8367 1764
8368 22
8368 5081
8368 6260
8369 212
8369 1266
8369 3479
8370 9
8370 399
8370 309
8371 2966
8371 2328
8371 983
8372 105
8372 1443
8372 5543
8373 2344
8373 5720
8373 2128
8374 8317
8374 7481
8374 104
8375 3865
8375 1931
8375 3040
8376 3777
8376 1394
8376 1235
8377 3535
8377 4374
8377 186
8378 7604
8378 3887
8378 565
8379 2600
8379 308
8379 5485
8380 1733
8380 3328
8380 4030
8381 779
8381 929
8381 3802
8382 774
8382 442
8382 3005
8383 261
8383 4844
8383 8099
8384 2709
8384 1919
8384 968
8385 7711
8385 3194
8385 2822
8386 370
8386 1291
8386 1964
8387 1973
8387 5937
8387 607
8388 173
8388 7076
8388 1285
8389 6450
8389 193
8389 7783
8390 20
8390 696
8390 4090
8391 1721
8391 4319
8391 2102
8392 1651
8392 6883
8392 655
8393 3639
8393 1460
8393 6866
8394 55
8394 11
8394 2161
8395 1442
8395 3121
8395 98
8396 1258
8396 687
8396 6838
8397 560
8397 661
8397 550
8398 573
8398 818
8398 1420
8399 188
8399 1600
8399 2651
8400 1471
8400 1098
8400 3661
8401 3620
8401 525
8401 6173
8402 696
8402 6713
8402 174
8403 6653
8403 5393
8403 1093
8404 530
8404 7454
8404 6713
8405 6398
8405 781
8405 5146
8406 4257
8406 1594
8406 485
8407 6716
8407 166
8407 12
8408 7421
8408 1371
8408 3363
8409 991
8409 6571
8409 2864
8410 1936
8410 2208
8410 578
8411 133
8411 7812
8411 1471
8412 97
8412 42
8412 180
8413 3863
8413 2279
8413 6967
8414 2561
8414 486
8414 5766
8415 406
8415 8279
8415 1824
8416 42
8416 600
8416 386
8417 5358
8417 3385
8417 5434
8418 2520
8418 667
8418 2090
8419 1895
8419 99
8419 1431
8420 3183
8420 7525
8420 2025
8421 2298
8421 8204
8421 5932
8422 638
8422 2061
8422 316
8423 235
8423 2157
8423 2768
8424 1275
8424 355
8424 483
8425 272
8425 403
8425 7765
8426 15
8426 7
8426 585
8427 2765
8427 2039
8427 2456
8428 8387
8428 8
8428 63
8429 1293
8429 4935
8429 6394
8430 78
8430 3417
8430 3637
8431 666
8431 2955
8431 1407
8432 2054
8432 2075
8432 5874
8433 3189
8433 995
8433 6813
8434 6225
8434 5099
8434 4593
8435 4671
8435 6514
8435 6534
8436 6269
8436 4731
8436 1467
8437 4512
8437 3958
8437 400
8438 209
8438 245
8438 7284
8439 7712
8439 15
8439 0
8440 67
8440 5155
8440 33
8441 7
8441 5204
8441 5307
8442 903
8442 840
8442 5746
8443 1870
8443 2856
8443 595
8444 945
8444 580
8444 1602
8445 5247
8445 1719
8445 40
8446 3066
8446 906
8446 5105
8447 5838
8447 756
8447 33
8448 7359
8448 10
8448 58
8449 848
8449 86
8449 1306
8450 1061
8450 3250
8450 3690
8451 8134
8451 1105
8451 8372
8452 3219
8452 8278
8452 64
8453 1131
8453 930
8453 5543
8454 3045
8454 2198
8454 6191
8455 3356
8455 3923
8455 8343
8456 3250
8456 426
8456 6918
8457 137
8457 5249
8457 58
8458 228
8458 3638
8458 4298
8459 7733
8459 529
8459 358
8460 2609
8460 3196
8460 289
8461 1440
8461 4538
8461 7604
8462 3692
8462 2668
8462 1124
8463 426
8463 895
8463 283
8464 3
8464 4797
8464 919
8465 943
8465 787
8465 2105
8466 2682
8466 6375
8466 3758
8467 185
8467 23
8467 962
8468 3250
8468 5388
8468 1216
8469 138
8469 3505
8469 1810
8470 4951
8470 4035
8470 5726
8471 4574
8471 4422
8471 19
8472 48
8472 1737
8472 3626
8473 5333
8473 80
8473 5747
8474 442
8474 19
8474 2248
8475 665
8475 978
8475 7034
8476 983
8476 4334
8476 7072
8477 80
8477 386
8477 6965
8478 586
8478 81
8478 2772
8479 3914
8479 3083
8479 89
8480 2699
8480 2
8480 0
8481 1416
8481 1094
8481 474
8482 5348
8482 657
8482 1866
8483 4935
8483 655
8483 6251
8484 2599
8484 256
8484 2082
8485 3
8485 1782
8485 643
8486 16
8486 23
8486 746
8487 6252
8487 19
8487 4733
8488 7030
8488 224
8488 699
8489 2709
8489 170
8489 889
8490 1786
8490 2193
8490 331
8491 559
8491 376
8491 5910
8492 2008
8492 1025
8492 3778
8493 1489
8493 384
8493 1426
8494 3
8494 5419
8494 209
8495 2263
8495 4570
8495 646
8496 412
8496 4310
8496 252
8497 58
8497 7236
8497 2878
8498 4920
8498 7561
8498 30
8499 712
8499 1207
8499 417
8500 2683
8500 4
8500 7952
8501 78
8501 4022
8501 3133
8502 4066
8502 1271
8502 1049
8503 2532
8503 3055
8503 2466
8504 5699
8504 40
8504 1463
8505 303
8505 4493
8505 944
8506 1144
8506 1974
8506 547
8507 3256
8507 487
8507 795
8508 4535
8508 368
8508 25
8509 175
8509 3741
8509 2970
8510 3756
8510 4770
8510 1992
8511 291
8511 197
8511 2652
8512 714
8512 7839
8512 7547
8513 25
8513 2223
8513 4723
8514 6946
8514 368
8514 217
8515 540
8515 1263
8515 5167
8516 707
8516 149
8516 37
8517 7841
8517 2198
8517 1364
8518 1812
8518 1077
8518 622
8519 2896
8519 4467
8519 5700
8520 5449
8520 1183
8520 1343
8521 8379
8521 305
8521 1045
8522 645
8522 6143
8522 787
8523 178
8523 7827
8523 5500
8524 7723
8524 847
8524 4843
8525 547
8525 2033
8525 4697
8526 2866
8526 3684
8526 7245
8527 7917
8527 6863
8527 8079
8528 4910
8528 129
8528 4192
8529 90
8529 4
8529 2068
8530 2067
8530 1353
8530 19
8531 28
8531 6173
8531 20
8532 4053
8532 96
8532 4820
8533 1475
8533 617
8533 1375
8534 969
8534 8284
8534 1558
8535 108
8535 3689
8535 399
8536 6520
8536 1480
8536 6068
8537 1182
8537 86
8537 7438
8538 6608
8538 6201
8538 4671
8539 3902
8539 37
8539 3616
8540 3785
8540 440
8540 2671
8541 5259
8541 1948
8541 8295
8542 56
8542 1606
8542 96
8543 5
8543 129
8543 1005
8544 6186
8544 2358
8544 50
8545 2045
8545 7302
8545 964
8546 2241
8546 3718
8546 3
8547 2673
8547 2114
8547 1825
8548 235
8548 1105
8548 55
8549 902
8549 1063
8549 1657
8550 2018
8550 6459
8550 3734
8551 5139
8551 6335
8551 4889
8552 509
8552 4674
8552 56
8553 699
8553 2698
8553 2859
8554 2580
8554 5234
8554 231
8555 7279
8555 2817
8555 1265
8556 391
8556 1087
8556 1519
8557 479
8557 1629
8557 7925
8558 4756
8558 3821
8558 57
8559 1290
8559 2868
8559 17
8560 2879
8560 2207
8560 635
8561 4623
8561 4536
8561 4637
8562 7974
8562 5559
8562 7325
8563 7531
8563 4235
8563 2408
8564 1186
8564 3031
8564 5767
8565 1120
8565 1843
8565 7701
8566 247
8566 2630
8566 444
8567 462
8567 20
8567 516
8568 713
8568 1159
8568 283
8569 39
8569 3917
8569 6566
8570 5514
8570 2642
8570 7395
8571 1120
8571 335
8571 149
8572 4646
8572 3434
8572 6711
8573 184
8573 2598
8573 6322
8574 2753
8574 4021
8574 229
8575 1395
8575 145
8575 329
8576 1315
8576 2953
8576 550
8577 943
8577 8504
8577 2140
8578 7
8578 486
8578 2052
8579 1100
8579 707
8579 699
8580 15
8580 2725
8580 44
8581 2534
8581 2703
8581 5953
8582 60
8582 6201
8582 1979
8583 652
8583 2022
8583 522
8584 746
8584 2199
8584 1081
8585 81
8585 1537
8585 406
8586 7229
8586 5736
8586 3682
8587 353
8587 1635
8587 12
8588 294
8588 2644
8588 6303
8589 95
8589 508
8589 4658
8590 3607
8590 7648
8590 56
8591 8557
8591 207
8591 548
8592 3547
8592 6030
8592 1668
8593 2393
8593 7104
8593 3395
8594 1443
8594 625
8594 552
8595 363
8595 2991
8595 5990
8596 713
8596 112
8596 274
8597 17
8597 8009
8597 272
8598 2843
8598 5832
8598 2495
8599 1340
8599 1774
8599 420
8600 4337
8600 7016
8600 2981
8601 5455
8601 7043
8601 4136
8602 2128
8602 8580
8602 3783
8603 2513
8603 304
8603 2344
8604 3143
8604 1171
8604 2
8605 2179
8605 5312
8605 8280
8606 400
8606 633
8606 5635
8607 874
8607 6408
8607 105
8608 1412
8608 138
8608 40
8609 2506
8609 4899
8609 3121
8610 8478
8610 286
8610 5204
8611 436
8611 2960
8611 64
8612 3143
8612 3783
8612 785
8613 4398
8613 1708
8613 1361
8614 2467
8614 8390
8614 3627
8615 7386
8615 2306
8615 567
8616 5232
8616 869
8616 2055
8617 150
8617 1404
8617 2824
8618 995
8618 407
8618 5937
8619 5315
8619 48
8619 3663
8620 1203
8620 686
8620 3420
8621 86
8621 103
8621 2599
8622 8478
8622 1562
8622 3371
8623 485
8623 67
8623 35
8624 3672
8624 1385
8624 7808
8625 5457
8625 141
8625 7329
8626 780
8626 888
8626 3842
8627 5281
8627 1247
8627 8554
8628 365
8628 1509
8628 3956
8629 140
8629 221
8629 1241
8630 4314
8630 4939
8630 71
8631 7332
8631 2634
8631 3088
8632 7990
8632 296
8632 112
8633 272
8633 1663
8633 2963
8634 2843
8634 577
8634 6838
8635 8501
8635 1401
8635 506
8636 4546
8636 937
8636 8074
8637 281
8637 315
8637 2134
8638 691
8638 920
8638 4108
8639 2787
8639 4706
8639 4219
8640 1522
8640 4306
8640 7174
8641 1656
8641 7954
8641 3672
8642 5628
8642 4
8642 185
8643 610
8643 1500
8643 6828
8644 802
8644 2644
8644 8559
8645 3842
8645 405
8645 115
8646 5593
8646 3030
8646 1178
8647 3783
8647 683
8647 2437
8648 4381
8648 2
8648 2690
8649 4299
8649 4175
8649 3026
8650 3288
8650 311
8650 4116
8651 339
8651 2405
8651 13
8652 1159
8652 2665
8652 4663
8653 715
8653 566
8653 1007
8654 287
8654 299
8654 1519
8655 184
8655 1723
8655 160
8656 33
8656 1560
8656 2314
8657 2007
8657 4083
8657 281
8658 5766
8658 4206
8658 118
8659 55
8659 4377
8659 2058
8660 2913
8660 878
8660 546
8661 1541
8661 3441
8661 4358
8662 7346
8662 2766
8662 7195
8663 485
8663 301
8663 8517
8664 4490
8664 1432
8664 721
8665 1386
8665 3349
8665 3612
8666 4005
8666 720
8666 189
8667 2429
8667 101
8667 965
8668 2114
8668 6781
8668 1507
8669 7308
8669 1085
8669 6452
8670 3610
8670 1195
8670 2453
8671 228
8671 633
8671 723
8672 7417
8672 989
8672 25
8673 6950
8673 3957
8673 19
8674 3258
8674 2
8674 283
8675 4351
8675 4
8675 12
8676 7623
8676 7973
8676 6524
8677 6363
8677 4971
8677 328
8678 68
8678 962
8678 7576
8679 4723
8679 146
8679 4664
8680 3463
8680 2975
8680 32
8681 1783
8681 7359
8681 2328
8682 708
8682 3388
8682 5893
8683 2868
8683 414
8683 7008
8684 7333
8684 670
8684 1843
8685 925
8685 2760
8685 1528
8686 5146
8686 5216
8686 3392
8687 28
8687 2388
8687 7868
8688 882
8688 5706
8688 6469
8689 5326
8689 480
8689 385
8690 324
8690 6177
8690 6293
8691 4689
8691 492
8691 5677
8692 7734
8692 782
8692 1184
8693 50
8693 182
8693 2008
8694 103
8694 4174
8694 2616
8695 339
8695 1992
8695 1590
8696 3128
8696 450
8696 2210
8697 8155
8697 784
8697 12
8698 28
8698 8446
8698 1275
8699 1285
8699 479
8699 1332
8700 1431
8700 146
8700 1093
8701 559
8701 3107
8701 4282
8702 4533
8702 1500
8702 1365
8703 2311
8703 49
8703 1436
8704 3801
8704 843
8704 475
8705 5390
8705 7587
8705 597
8706 3551
8706 2449
8706 691
8707 4964
8707 1696
8707 647
8708 8530
8708 5712
8708 1420
8709 2519
8709 1701
8709 604
8710 4816
8710 7064
8710 8538
8711 72
8711 7634
8711 32
8712 2508
8712 3898
8712 3639
8713 1073
8713 4
8713 2481
8714 3626
8714 3360
8714 6856
8715 3572
8715 1412
8715 7454
8716 1862
8716 3541
8716 6139
8717 1710
8717 8
8717 25
8718 7213
8718 441
8718 6396
8719 431
8719 7974
8719 361
8720 2490
8720 21
8720 408
8721 4243
8721 1476
8721 27
8722 212
8722 290
8722 185
8723 1251
8723 861
8723 7778
8724 5435
8724 27
8724 4099
8725 6112
8725 21
8725 2438
8726 1562
8726 388
8726 7185
8727 409
8727 1744
8727 175
8728 861
8728 1460
8728 220
8729 0
8729 6158
8729 706
8730 4425
8730 5625
8730 5567
8731 3855
8731 8
8731 881
8732 0
8732 2172
8732 3047
8733 285
8733 126
8733 4592
8734 30
8734 217
8734 14
8735 314
8735 4729
8735 1526
8736 3794
8736 3057
8736 262
8737 32
8737 81
8737 2597
8738 378
8738 3023
8738 7609
8739 1589
8739 1168
8739 7251
8740 2126
8740 6251
8740 3761
8741 158
8741 7357
8741 212
8742 3205
8742 4062
8742 2066
8743 4211
8743 3717
8743 1092
8744 3296
8744 4965
8744 7811
8745 285
8745 169
8745 8010
8746 5178
8746 3327
8746 3130
8747 3219
8747 1606
8747 8150
8748 4958
8748 3847
8748 37
8749 5084
8749 155
8749 373
8750 1634
8750 687
8750 5872
8751 515
8751 366
8751 3827
8752 83
8752 17
8752 3089
8753 8225
8753 630
8753 7694
8754 1318
8754 1818
8754 216
8755 3055
8755 3140
8755 73
8756 866
8756 4937
8756 7940
8757 34
8757 5147
8757 7132
8758 783
8758 6950
8758 626
8759 4495
8759 1565
8759 2916
8760 3461
8760 2366
8760 5339
8761 3223
8761 7431
8761 3387
8762 2161
8762 1179
8762 98
8763 1063
8763 1275
8763 682
8764 1061
8764 0
8764 16
8765 8591
8765 486
8765 50
8766 185
8766 5662
8766 4657
8767 8603
8767 3460
8767 8511
8768 1482
8768 4693
8768 8264
8769 149
8769 3552
8769 55
8770 6990
8770 177
8770 1060
8771 31
8771 84
8771 1755
8772 2678
8772 860
8772 188
8773 1064
8773 189
8773 4493
8774 6838
8774 129
8774 3569
8775 2350
8775 66
8775 5922
8776 7439
8776 4655
8776 209
8777 8618
8777 3537
8777 2305
8778 333
8778 7235
8778 866
8779 1223
8779 3070
8779 7182
8780 5866
8780 8060
8780 7813
8781 1832
8781 5917
8781 27
8782 4217
8782 74
8782 3876
8783 3
8783 6222
8783 3330
8784 332
8784 6231
8784 748
8785 108
8785 1881
8785 4083
8786 4448
8786 5763
8786 2123
8787 4687
8787 950
8787 1046
8788 5360
8788 1054
8788 5001
8789 1960
8789 3405
8789 238
8790 983
8790 1117
8790 8038
8791 962
8791 787
8791 6203
8792 4833
8792 5125
8792 5900
8793 7736
8793 6
8793 283
8794 796
8794 98
8794 11
8795 189
8795 1782
8795 4300
8796 777
8796 379
8796 929
8797 5755
8797 9
8797 3645
8798 1499
8798 728
8798 3663
8799 2639
8799 0
8799 4376
8800 7241
8800 495
8800 8496
8801 936
8801 6728
8801 6832
8802 4832
8802 2642
8802 1340
8803 7284
8803 1089
8803 5359
8804 158
8804 5539
8804 7515
8805 1029
8805 6746
8805 1521
8806 211
8806 40
8806 3445
8807 4699
8807 113
8807 2286
8808 3493
8808 223
8808 2466
8809 6974
8809 4938
8809 5728
8810 610
8810 2736
8810 2021
8811 6083
8811 5067
8811 265
8812 2013
8812 7997
8812 5757
8813 7377
8813 1371
8813 972
8814 1386
8814 344
8814 55
8815 115
8815 2265
8815 192
8816 6613
8816 7793
8816 4277
8817 3928
8817 3883
8817 4338
8818 402
8818 1159
8818 7353
8819 3575
8819 1783
8819 25
8820 7073
8820 5040
8820 5756
8821 417
8821 1121
8821 1174
8822 715
8822 1840
8822 71
8823 1883
8823 210
8823 8641
8824 287
8824 3434
8824 5165
8825 8585
8825 2390
8825 2321
8826 772
8826 5184
8826 1565
8827 2463
8827 144
8827 50
8828 6069
8828 6425
8828 667
8829 6067
8829 3447
8829 417
8830 3581
8830 385
8830 3594
8831 609
8831 454
8831 8077
8832 7733
8832 2019
8832 4852
8833 470
8833 7339
8833 570
8834 245
8834 1124
8834 6200
8835 4852
8835 5913
8835 66
8836 1486
8836 1819
8836 4171
8837 1827
8837 137
8837 1
8838 296
8838 4
8838 6060
8839 445
8839 3974
8839 3732
8840 2202
8840 5369
8840 3815
8841 723
8841 3719
8841 1509
8842 76
8842 1393
8842 19
8843 3168
8843 1185
8843 2899
8844 2147
8844 3442
8844 2253
8845 2322
8845 3691
8845 367
8846 230
8846 378
8846 746
8847 3624
8847 5883
8847 453
8848 5927
8848 8209
8848 8372
8849 7830
8849 617
8849 1270
8850 3495
8850 2811
8850 5499
8851 6250
8851 7992
8851 856
8852 6412
8852 818
8852 6928
8853 1868
8853 2953
8853 3119
8854 83
8854 8349
8854 4660
8855 4895
8855 4383
8855 3168
8856 2211
8856 703
8856 5551
8857 266
8857 5770
8857 1827
8858 5476
8858 2575
8858 393
8859 2636
8859 882
8859 4957
8860 1449
8860 2882
8860 670
8861 366
8861 2613
8861 429
8862 1546
8862 2673
8862 4324
8863 4228
8863 4102
8863 229
8864 2109
8864 105
8864 7463
8865 8658
8865 8510
8865 8158
8866 6254
8866 1649
8866 7473
8867 3594
8867 3913
8867 99
8868 572
8868 5472
8868 3399
8869 727
8869 8561
8869 908
8870 176
8870 2640
8870 5
8871 7550
8871 4412
8871 5230
8872 48
8872 2165
8872 3797
8873 1815
8873 4144
8873 1416
8874 6251
8874 470
8874 1538
8875 1568
8875 2
8875 7357
8876 704
8876 165
8876 6730
8877 4355
8877 4298
8877 3203
8878 578
8878 2507
8878 2722
8879 4148
8879 322
8879 3
8880 8406
8880 2178
8880 4556
8881 719
8881 686
8881 2109
8882 1191
8882 761
8882 682
8883 357
8883 2150
8883 12
8884 7125
8884 2190
8884 6546
8885 163
8885 547
8885 86
8886 932
8886 1273
8886 99
8887 30
8887 3612
8887 6266
8888 7
8888 1159
8888 6077
8889 6955
8889 2600
8889 3410
8890 5708
8890 2401
8890 2027
8891 5382
8891 1787
8891 299
8892 11
8892 64
8892 410
8893 336
8893 4603
8893 3006
8894 19
8894 1740
8894 2122
8895 8617
8895 893
8895 6816
8896 4811
8896 186
8896 3515
8897 87
8897 827
8897 7662
8898 1615
8898 1274
8898 1318
8899 3939
8899 685
8899 76
8900 629
8900 1226
8900 3592
8901 5077
8901 3804
8901 4281
8902 2893
8902 253
8902 2658
8903 97
8903 4827
8903 8711
8904 5025
8904 344
8904 1410
8905 7460
8905 4
8905 564
8906 3264
8906 80
8906 3
8907 40
8907 6472
8907 1649
8908 8152
8908 332
8908 2552
8909 1659
8909 194
8909 112
8910 1006
8910 3080
8910 4222
8911 7213
8911 287
8911 27
8912 1870
8912 3433
8912 3401
8913 358
8913 1932
8913 7
8914 1079
8914 8891
8914 884
8915 661
8915 8317
8915 1510
8916 3037
8916 83
8916 307
8917 696
8917 3823
8917 2541
8918 45
8918 7089
8918 9
8919 7120
8919 932
8919 4980
8920 3695
8920 8510
8920 8035
8921 4888
8921 6625
8921 5856
8922 3818
8922 3330
8922 149
8923 3455
8923 156
8923 368
8924 4339
8924 1079
8924 309
8925 58
8925 940
8925 4737
8926 2245
8926 4953
8926 8171
8927 1205
8927 278
8927 187
8928 3644
8928 4547
8928 5766
8929 678
8929 3671
8929 6198
8930 7412
8930 12
8930 7401
8931 971
8931 4191
8931 2807
8932 4201
8932 2834
8932 108
8933 326
8933 350
8933 8371
8934 2941
8934 395
8934 8361
8935 1413
8935 5669
8935 2932
8936 1358
8936 1253
8936 460
8937 6549
8937 690
8937 870
8938 3297
8938 7
8938 1326
8939 2247
8939 2315
8939 86
8940 7
8940 3707
8940 632
8941 6302
8941 901
8941 1793
8942 20
8942 5603
8942 618
8943 3160
8943 2060
8943 580
8944 7
8944 1347
8944 1877
8945 1621
8945 3381
8945 483
8946 80
8946 1435
8946 4
8947 8873
8947 5048
8947 704
8948 4418
8948 527
8948 5299
8949 226
8949 8426
8949 899
8950 1270
8950 1429
8950 2112
8951 204
8951 5
8951 2651
8952 68
8952 5189
8952 1421
8953 7460
8953 1495
8953 344
8954 734
8954 5606
8954 8
8955 8517
8955 907
8955 7895
8956 2272
8956 229
8956 3462
8957 514
8957 2664
8957 8107
8958 192
8958 5924
8958 1567
8959 2132
8959 794
8959 7340
8960 1880
8960 247
8960 693
8961 1805
8961 5566
8961 7484
8962 8389
8962 7321
8962 3653
8963 3495
8963 4620
8963 8691
8964 746
8964 12
8964 5663
8965 4788
8965 2318
8965 7424
8966 2082
8966 3628
8966 3547
8967 1771
8967 1545
8967 2648
8968 3812
8968 943
8968 445
8969 720
8969 4446
8969 5914
8970 2079
8970 2853
8970 322
8971 4969
8971 3328
8971 248
8972 742
8972 78
8972 1579
8973 1425
8973 1734
8973 3431
8974 4084
8974 4567
8974 5461
8975 4293
8975 4184
8975 515
8976 1873
8976 3870
8976 2872
8977 2315
8977 8502
8977 7747
8978 7955
8978 3731
8978 5125
8979 1025
8979 2
8979 1371
8980 666
8980 7161
8980 6182
8981 3
8981 481
8981 8970
8982 5827
8982 1235
8982 5474
8983 4742
8983 7692
8983 3982
8984 178
8984 1342
8984 5973
8985 12
8985 2171
8985 112
8986 2352
8986 5900
8986 1581
8987 5921
8987 380
8987 2070
8988 1291
8988 996
8988 1881
8989 8146
8989 1466
8989 3121
8990 458
8990 3349
8990 406
8991 5515
8991 2553
8991 3833
8992 473
8992 2332
8992 1297
8993 783
8993 3086
8993 4181
8994 14
8994 723
8994 2273
8995 1271
8995 1203
8995 1670
8996 1121
8996 7
8996 2736
8997 16
8997 7
8997 121
8998 554
8998 213
8998 1614
8999 7819
8999 1394
8999 426
9000 3644
9000 1151
9000 8118
9001 4500
9001 395
9001 840
9002 6282
9002 149
9002 2778
9003 28
9003 6228
9003 5358
9004 7097
9004 367
9004 48
9005 518
9005 222
9005 3946
9006 7758
9006 56
9006 7455
9007 295
9007 3664
9007 1289
9008 5874
9008 2052
9008 1193
9009 99
9009 1800
9009 1521
9010 3368
9010 6181
9010 3811
9011 6448
9011 456
9011 2
9012 368
9012 293
9012 7518
9013 2265
9013 13
9013 5556
9014 1573
9014 2645
9014 146
9015 8154
9015 726
9015 225
9016 5741
9016 4550
9016 4051
9017 834
9017 4892
9017 1781
9018 1560
9018 19
9018 3738
9019 108
9019 115
9019 58
9020 531
9020 935
9020 4
9021 7477
9021 8980
9021 8766
9022 6134
9022 8368
9022 1029
9023 8579
9023 7244
9023 1984
9024 1154
9024 136
9024 525
9025 4958
9025 467
9025 6855
9026 2491
9026 122
9026 4603
9027 4734
9027 2310
9027 99
9028 56
9028 2246
9028 3108
9029 6439
9029 96
9029 6605
9030 6853
9030 3763
9030 7181
9031 1591
9031 2512
9031 247
9032 6759
9032 8902
9032 5704
9033 57
9033 5141
9033 936
9034 3079
9034 4681
9034 30
9035 787
9035 1371
9035 1915
9036 703
9036 1541
9036 6345
9037 1896
9037 326
9037 4904
9038 696
9038 565
9038 4989
9039 7675
9039 1603
9039 7954
9040 1377
9040 949
9040 764
9041 3257
9041 8897
9041 4804
9042 6174
9042 1216
9042 1005
9043 1872
9043 8
9043 7334
9044 8346
9044 3282
9044 6489
9045 158
9045 6317
9045 952
9046 106
9046 660
9046 3966
9047 2699
9047 1620
9047 6175
9048 1026
9048 422
9048 1167
9049 301
9049 7411
9049 377
9050 48
9050 4329
9050 2626
9051 5077
9051 8737
9051 997
9052 591
9052 207
9052 1197
9053 1709
9053 8393
9053 7213
9054 8392
9054 618
9054 1983
9055 1677
9055 599
9055 55
9056 3107
9056 5575
9056 1101
9057 5991
9057 3570
9057 977
9058 151
9058 704
9058 728
9059 38
9059 1358
9059 365
9060 3398
9060 4466
9060 3151
9061 1983
9061 7703
9061 2256
9062 81
9062 1374
9062 3245
9063 714
9063 48
9063 1661
9064 5543
9064 7421
9064 1167
9065 2815
9065 8
9065 158
9066 2523
9066 2198
9066 552
9067 7316
9067 1920
9067 704
9068 3920
9068 2971
9068 8982
9069 1527
9069 2406
9069 650
9070 537
9070 3974
9070 733
9071 2036
9071 2218
9071 254
9072 1647
9072 7157
9072 3882
9073 963
9073 3610
9073 5430
9074 4041
9074 1407
9074 5836
9075 2968
9075 67
9075 762
9076 1098
9076 3686
9076 1001
9077 7734
9077 613
9077 60
9078 1200
9078 919
9078 994
9079 3598
9079 630
9079 6428
9080 6262
9080 1780
9080 82
9081 496
9081 577
9081 227
9082 1493
9082 726
9082 6269
9083 30
9083 3714
9083 2815
9084 4015
9084 3414
9084 3827
9085 6017
9085 3690
9085 219
9086 6297
9086 4236
9086 353
9087 807
9087 3044
9087 548
9088 1835
9088 1331
9088 583
9089 4122
9089 3043
9089 347
9090 412
9090 6183
9090 1084
9091 342
9091 633
9091 7542
9092 7781
9092 5671
9092 3445
9093 2149
9093 5922
9093 6166
9094 60
9094 649
9094 7914
9095 3690
9095 4611
9095 1092
9096 380
9096 2494
9096 1930
9097 3173
9097 520
9097 78
9098 4916
9098 6376
9098 2349
9099 12
9099 1579
9099 246
9100 487
9100 3
9100 8299
9101 3
9101 2186
9101 1693
9102 849
9102 3354
9102 2216
9103 244
9103 3797
9103 585
9104 2424
9104 1786
9104 3618
9105 4061
9105 1811
9105 4210
9106 548
9106 1274
9106 2016
9107 690
9107 3496
9107 2
9108 4079
9108 3112
9108 4931
9109 6
9109 74
9109 2069
9110 2244
9110 1608
9110 3048
9111 1799
9111 8746
9111 462
9112 84
9112 7703
9112 4667
9113 4285
9113 3505
9113 1652
9114 5135
9114 779
9114 3879
9115 369
9115 3201
9115 5
9116 264
9116 665
9116 1119
9117 2557
9117 7887
9117 8179
9118 2534
9118 8565
9118 365
9119 1988
9119 481
9119 125
9120 1148
9120 1876
9120 42
9121 5358
9121 18
9121 2127
9122 3877
9122 548
9122 217
9123 7016
9123 199
9123 7776
9124 2860
9124 176
9124 386
9125 121
9125 1799
9125 2233
9126 3855
9126 662
9126 3578
9127 78
9127 5421
9127 940
9128 941
9128 533
9128 6239
9129 3777
9129 2530
9129 1567
9130 1964
9130 5809
9130 99
9131 996
9131 6430
9131 3415
9132 6482
9132 6804
9132 4859
9133 3357
9133 1927
9133 1571
9134 114
9134 2588
9134 3752
9135 2214
9135 186
9135 408
9136 260
9136 2024
9136 1440
9137 1054
9137 5470
9137 6998
9138 1575
9138 8130
9138 8502
9139 7449
9139 302
9139 115
9140 248
9140 2351
9140 667
9141 193
9141 1573
9141 839
9142 3260
9142 188
9142 1478
9143 72
9143 3992
9143 841
9144 8400
9144 1677
9144 6977
9145 4621
9145 5564
9145 38
9146 3684
9146 1202
9146 7323
9147 7580
9147 2394
9147 6102
9148 55
9148 3410
9148 5760
9149 5140
9149 3389
9149 4345
9150 8354
9150 48
9150 740
9151 3009
9151 247
9151 2398
9152 358
9152 5654
9152 2710
9153 3627
9153 3757
9153 6607
9154 5921
9154 6896
9154 5537
9155 7415
9155 30
9155 549
9156 5136
9156 2683
9156 184
9157 2247
9157 6
9157 6567
9158 377
9158 5332
9158 2678
9159 2529
9159 2149
9159 6920
9160 1128
9160 6639
9160 532
9161 5077
9161 6474
9161 3552
9162 8111
9162 57
9162 6260
9163 437
9163 920
9163 869
9164 5186
9164 442
9164 943
9165 676
9165 212
9165 4268
9166 4564
9166 287
9166 7434
9167 8945
9167 8274
9167 5191
9168 4198
9168 2313
9168 9084
9169 6409
9169 453
9169 23
9170 1382
9170 4036
9170 7137
9171 6648
9171 287
9171 6186
9172 6659
9172 4253
9172 7577
9173 5326
9173 1308
9173 325
9174 2150
9174 3330
9174 3433
9175 12
9175 1944
9175 1496
9176 2587
9176 1849
9176 628
9177 2208
9177 479
9177 3103
9178 5811
9178 4787
9178 7634
9179 14
9179 4905
9179 6758
9180 8022
9180 1007
9180 3049
9181 5083
9181 1440
9181 41
9182 9064
9182 293
9182 1817
9183 4596
9183 381
9183 6028
9184 1163
9184 4559
9184 2878
9185 6759
9185 876
9185 4
9186 8868
9186 7999
9186 1737
9187 4427
9187 3
9187 5257
9188 51
9188 7494
9188 3880
9189 9177
9189 1902
9189 3485
9190 1263
9190 2
9190 7913
9191 2052
9191 9065
9191 732
9192 1227
9192 1175
9192 4855
9193 5345
9193 127
9193 578
9194 4388
9194 4205
9194 963
9195 6621
9195 7
9195 5250
9196 2600
9196 395
9196 4646
9197 2020
9197 1653
9197 4936
9198 76
9198 1555
9198 113
9199 4622
9199 3951
9199 1012
9200 7476
9200 9012
9200 5739
9201 7741
9201 422
9201 2365
9202 111
9202 220
9202 5663
9203 771
9203 203
9203 754
9204 301
9204 5529
9204 4227
9205 897
9205 60
9205 360
9206 1440
9206 429
9206 149
9207 3403
9207 2813
9207 384
9208 47
9208 5373
9208 4315
9209 8421
9209 8224
9209 4674
9210 6534
9210 1036
9210 3184
9211 5440
9211 1500
9211 5500
9212 6898
9212 527
9212 8139
9213 2286
9213 685
9213 6321
9214 4541
9214 6936
9214 635
9215 143
9215 6840
9215 2430
9216 348
9216 121
9216 6465
9217 3827
9217 1615
9217 839
9218 1877
9218 2793
9218 4821
9219 505
9219 23
9219 1099
9220 908
9220 1529
9220 3630
9221 0
9221 4602
9221 700
9222 1226
9222 576
9222 1798
9223 477
9223 720
9223 1006
9224 8932
9224 446
9224 2040
9225 6778
9225 5
9225 895
9226 68
9226 16
9226 4325
9227 7748
9227 8306
9227 4630
9228 1707
9228 5011
9228 4
9229 2577
9229 3040
9229 1413
9230 7192
9230 6783
9230 5168
9231 2240
9231 1110
9231 5
9232 4306
9232 8587
9232 2187
9233 550
9233 3030
9233 6000
9234 8
9234 290
9234 7018
9235 1523
9235 8603
9235 2163
9236 447
9236 9085
9236 122
9237 7776
9237 61
9237 395
9238 4247
9238 1029
9238 2683
9239 5184
9239 2434
9239 884
9240 6710
9240 4515
9240 2884
9241 6214
9241 14
9241 3467
9242 232
9242 628
9242 2701
9243 1174
9243 4555
9243 2022
9244 1648
9244 3777
9244 3137
9245 3793
9245 682
9245 462
9246 730
9246 1883
9246 8372
9247 7369
9247 956
9247 1080
9248 5167
9248 890
9248 4450
9249 5
9249 516
9249 443
9250 2776
9250 363
9250 5044
9251 7626
9251 6022
9251 797
9252 1167
9252 1775
9252 1385
9253 137
9253 2879
9253 63
9254 218
9254 4
9254 1075
9255 3986
9255 2060
9255 4427
9256 112
9256 1465
9256 7776
9257 207
9257 5951
9257 2361
9258 5445
9258 6666
9258 3537
9259 1125
9259 143
9259 1394
9260 4841
9260 8901
9260 3951
9261 6050
9261 3396
9261 2026
9262 333
9262 3509
9262 7453
9263 704
9263 90
9263 2776
9264 7278
9264 578
9264 8453
9265 2250
9265 9186
9265 2036
9266 6034
9266 930
9266 641
9267 2440
9267 1196
9267 4379
9268 8691
9268 5855
9268 4716
9269 2377
9269 17
9269 5629
9270 1556
9270 1256
9270 542
9271 639
9271 4272
9271 4765
9272 23
9272 493
9272 899
9273 6586
9273 99
9273 96
9274 9104
9274 2432
9274 547
9275 4888
9275 733
9275 5214
9276 571
9276 7765
9276 56
9277 7
9277 34
9277 5395
9278 818
9278 8082
9278 1965
9279 733
9279 4720
9279 6315
9280 262
9280 3107
9280 2719
9281 23
9281 1807
9281 81
9282 1211
9282 234
9282 2682
9283 731
9283 2965
9283 5016
9284 4462
9284 35
9284 2988
9285 9216
9285 1366
9285 2585
9286 543
9286 1646
9286 607
9287 323
9287 8840
9287 776
9288 1713
9288 795
9288 40
9289 562
9289 1680
9289 8880
9290 3248
9290 3824
9290 809
9291 1617
9291 257
9291 376
9292 3133
9292 1451
9292 2679
9293 7651
9293 935
9293 1215
9294 8266
9294 3325
9294 889
9295 345
9295 7626
9295 965
9296 114
9296 763
9296 240
9297 3082
9297 5156
9297 3806
9298 6318
9298 949
9298 840
9299 4838
9299 9215
9299 6465
9300 54
9300 2680
9300 5728
9301 291
9301 1503
9301 5092
9302 453
9302 3500
9302 1693
9303 614
9303 765
9303 7062
9304 1497
9304 331
9304 45
9305 177
9305 1677
9305 6529
9306 4400
9306 220
9306 3456
9307 2487
9307 3122
9307 6
9308 7245
9308 2447
9308 176
9309 5725
9309 540
9309 8203
9310 6293
9310 46
9310 7152
9311 2060
9311 6423
9311 1872
9312 587
9312 4667
9312 4205
9313 2971
9313 2627
9313 383
9314 4967
9314 280
9314 5698
9315 2110
9315 6502
9315 1794
9316 7024
9316 97
9316 1017
9317 9112
9317 224
9317 5681
9318 1538
9318 849
9318 23
9319 4825
9319 9263
9319 334
9320 2490
9320 308
9320 7575
9321 1023
9321 447
9321 1932
9322 342
9322 2551
9322 696
9323 219
9323 75
9323 4964
9324 3626
9324 4843
9324 6726
9325 2634
9325 1396
9325 8873
9326 2738
9326 743
9326 6
9327 7177
9327 229
9327 358
9328 437
9328 1365
9328 22
9329 7764
9329 1653
9329 3690
9330 4126
9330 890
9330 696
9331 3456
9331 869
9331 2491
9332 9061
9332 3693
9332 322
9333 8829
9333 4082
9333 4441
9334 195
9334 6291
9334 80
9335 8587
9335 7700
9335 110
9336 6230
9336 8
9336 74
9337 2190
9337 80
9337 9044
9338 9
9338 3856
9338 8547
9339 353
9339 1230
9339 3304
9340 273
9340 4989
9340 4798
9341 3567
9341 738
9341 5579
9342 5476
9342 83
9342 8481
9343 47
9343 1303
9343 7905
9344 235
9344 4753
9344 7862
9345 3123
9345 2312
9345 5504
9346 3114
9346 240
9346 3080
9347 2694
9347 1174
9347 1370
9348 1774
9348 219
9348 1787
9349 2628
9349 1433
9349 199
9350 376
9350 16
9350 3693
9351 18
9351 2621
9351 4852
9352 1473
9352 1167
9352 2611
9353 2191
9353 416
9353 7545
9354 3937
9354 2040
9354 140
9355 6409
9355 8096
9355 131
9356 978
9356 340
9356 4311
9357 5914
9357 61
9357 5563
9358 6052
9358 4916
9358 2768
9359 8553
9359 264
9359 5854
9360 3713
9360 9258
9360 849
9361 0
9361 3237
9361 2265
9362 1560
9362 2172
9362 704
9363 281
9363 16
9363 3405
9364 1357
9364 233
9364 2116
9365 191
9365 8659
9365 522
9366 1791
9366 4109
9366 9335
9367 3015
9367 842
9367 3
9368 210
9368 176
9368 2038
9369 7620
9369 106
9369 8747
9370 60
9370 5634
9370 2480
9371 809
9371 1859
9371 1014
9372 6872
9372 7
9372 1574
9373 1269
9373 7007
9373 925
9374 6442
9374 6519
9374 2318
9375 6610
9375 26
9375 8395
9376 19
9376 2732
9376 5784
9377 317
9377 5165
9377 8
9378 6274
9378 2118
9378 4739
9379 6720
9379 915
9379 2767
9380 4215
9380 273
9380 9208
9381 656
9381 7166
9381 2695
9382 9
9382 469
9382 4477
9383 7793
9383 6066
9383 2805
9384 6453
9384 88
9384 2796
9385 8578
9385 5160
9385 1327
9386 783
9386 361
9386 5081
9387 2968
9387 2847
9387 2946
9388 164
9388 11
9388 1649
9389 865
9389 535
9389 216
9390 44
9390 3
9390 716
9391 7367
9391 7013
9391 66
9392 90
9392 533
9392 1776
9393 1401
9393 607
9393 5675
9394 110
9394 1859
9394 2791
9395 3269
9395 537
9395 2658
9396 4647
9396 618
9396 435
9397 4408
9397 2440
9397 6700
9398 4179
9398 284
9398 449
9399 1604
9399 5982
9399 257
9400 5551
9400 1989
9400 8756
9401 3
9401 3201
9401 8892
9402 1015
9402 538
9402 1369
9403 5390
9403 583
9403 4373
9404 6831
9404 152
9404 24
9405 9403
9405 6055
9405 2646
9406 1759
9406 6888
9406 7
9407 1733
9407 3704
9407 5936
9408 8295
9408 8084
9408 756
9409 24
9409 8801
9409 2541
9410 4099
9410 2887
9410 518
9411 1205
9411 811
9411 17
9412 3162
9412 2724
9412 9
9413 471
9413 3
9413 6494
9414 4009
9414 538
9414 490
9415 2655
9415 5234
9415 645
9416 0
9416 6695
9416 3065
9417 8961
9417 623
9417 3271
9418 2525
9418 6407
9418 9
9419 4651
9419 280
9419 3066
9420 8099
9420 105
9420 8969
9421 983
9421 426
9421 19
9422 5032
9422 1984
9422 2712
9423 812
9423 1060
9423 432
9424 6710
9424 6197
9424 7433
9425 313
9425 130
9425 2286
9426 570
9426 1671
9426 1693
9427 3605
9427 4893
9427 3882
9428 1337
9428 639
9428 5256
9429 6964
9429 3072
9429 8663
9430 3799
9430 5891
9430 7454
9431 2594
9431 2412
9431 105
9432 3
9432 4489
9432 70
9433 1234
9433 2113
9433 443
9434 6173
9434 1713
9434 2993
9435 1902
9435 7598
9435 831
9436 421
9436 539
9436 4825
9437 3627
9437 6605
9437 511
9438 45
9438 1513
9438 7802
9439 216
9439 331
9439 8604
9440 658
9440 1864
9440 620
9441 14
9441 7523
9441 8300
9442 474
9442 2748
9442 8727
9443 7915
9443 3569
9443 5491
9444 1070
9444 18
9444 2069
9445 634
9445 2158
9445 3626
9446 4020
9446 1023
9446 2050
9447 1116
9447 1955
9447 65
9448 894
9448 2217
9448 2
9449 5640
9449 2555
9449 5434
9450 133
9450 3018
9450 495
9451 4697
9451 287
9451 6364
9452 4491
9452 327
9452 9322
9453 7291
9453 2668
9453 4
9454 99
9454 1644
9454 4490
9455 30
9455 4897
9455 5046
9456 1963
9456 1808
9456 3194
9457 275
9457 4841
9457 404
9458 1401
9458 743
9458 4083
9459 5052
9459 2962
9459 1186
9460 4848
9460 6025
9460 1805
9461 403
9461 8357
9461 3612
9462 149
9462 5529
9462 1801
9463 690
9463 57
9463 8
9464 9125
9464 500
9464 1835
9465 480
9465 2836
9465 520
9466 9163
9466 7
9466 215
9467 1834
9467 2563
9467 4382
9468 207
9468 289
9468 1317
9469 329
9469 7476
9469 3932
9470 2173
9470 343
9470 708
9471 5741
9471 2368
9471 4579
9472 8271
9472 4647
9472 9027
9473 35
9473 4035
9473 3223
9474 5524
9474 6323
9474 8634
9475 696
9475 9448
9475 3781
9476 3561
9476 1942
9476 5122
9477 512
9477 204
9477 3618
9478 1579
9478 8254
9478 6612
9479 3747
9479 6531
9479 420
9480 8798
9480 602
9480 45
9481 2533
9481 2045
9481 3
9482 7412
9482 1041
9482 1802
9483 5894
9483 2834
9483 106
9484 4608
9484 6590
9484 5458
9485 2172
9485 7279
9485 5041
9486 6513
9486 31
9486 552
9487 8737
9487 486
9487 444
9488 3289
9488 8940
9488 806
9489 153
9489 595
9489 1597
9490 4291
9490 9069
9490 2472
9491 6633
9491 1270
9491 5973
9492 4327
9492 1168
9492 48
9493 8601
9493 760
9493 8372
9494 935
9494 5964
9494 2620
9495 834
9495 2255
9495 3581
9496 7037
9496 1414
9496 220
9497 1388
9497 1469
9497 1780
9498 7185
9498 5167
9498 263
9499 3430
9499 1862
9499 88
9500 3807
9500 2224
9500 133
9501 2657
9501 1856
9501 67
9502 1044
9502 3443
9502 749
9503 3534
9503 4382
9503 374
9504 3121
9504 566
9504 505
9505 6996
9505 564
9505 3455
9506 6759
9506 521
9506 718
9507 3
9507 12
9507 963
9508 608
9508 8640
9508 1137
9509 4097
9509 2625
9509 4410
9510 1433
9510 9476
9510 223
9511 4843
9511 607
9511 3263
9512 3232
9512 4946
9512 789
9513 4542
9513 298
9513 4462
9514 6346
9514 2623
9514 5001
9515 6031
9515 3306
9515 9218
9516 5272
9516 1515
9516 6611
9517 3083
9517 1791
9517 5168
9518 180
9518 7812
9518 1989
9519 920
9519 8678
9519 0
9520 193
9520 5246
9520 98
9521 1732
9521 177
9521 7553
9522 8890
9522 1485
9522 6210
9523 3091
9523 2684
9523 2124
9524 2639
9524 105
9524 7619
9525 5708
9525 6739
9525 942
9526 9224
9526 5951
9526 4136
9527 23
9527 18
9527 7837
9528 3727
9528 7820
9528 3801
9529 2639
9529 4610
9529 4329
9530 3552
9530 2968
9530 4187
9531 2784
9531 7158
9531 826
9532 47
9532 221
9532 3414
9533 496
9533 6271
9533 1602
9534 5243
9534 2053
9534 8380
9535 1718
9535 1735
9535 60
9536 56
9536 893
9536 8275
9537 8773
9537 6946
9537 4122
9538 6903
9538 1064
9538 5993
9539 1285
9539 1925
9539 4189
9540 3301
9540 6398
9540 1961
9541 17
9541 6206
9541 595
9542 1211
9542 328
9542 6592
9543 5123
9543 48
9543 305
9544 6436
9544 470
9544 916
9545 2818
9545 4599
9545 8353
9546 3872
9546 1966
9546 815
9547 7216
9547 2787
9547 50
9548 350
9548 301
9548 1940
9549 678
9549 8875
9549 16
9550 704
9550 4239
9550 6938
9551 236
9551 6103
9551 4418
9552 138
9552 645
9552 4594
9553 9163
9553 982
9553 6
9554 6836
9554 4853
9554 4131
9555 4182
9555 2038
9555 6851
9556 0
9556 5212
9556 4807
9557 3
9557 7233
9557 5825
9558 8271
9558 1340
9558 5427
9559 10
9559 448
9559 545
9560 6385
9560 4083
9560 57
9561 3037
9561 1353
9561 8438
9562 7881
9562 6025
9562 4167
9563 365
9563 2
9563 8192
9564 65
9564 1182
9564 1975
9565 538
9565 1751
9565 140
9566 6942
9566 7318
9566 7246
9567 1129
9567 5363
9567 4848
9568 742
9568 1140
9568 2927
9569 495
9569 764
9569 944
9570 1696
9570 90
9570 8603
9571 2036
9571 1191
9571 58
9572 123
9572 6
9572 186
9573 2620
9573 8
9573 783
9574 5670
9574 1817
9574 882
9575 2167
9575 8827
9575 128
9576 8735
9576 8573
9576 1341
9577 8645
9577 321
9577 9417
9578 5516
9578 2055
9578 298
9579 6288
9579 7983
9579 7395
9580 4381
9580 661
9580 8325
9581 411
9581 5976
9581 1796
9582 339
9582 6824
9582 1002
9583 12
9583 1315
9583 313
9584 9396
9584 201
9584 105
9585 524
9585 1199
9585 1473
9586 9489
9586 791
9586 111
9587 622
9587 946
9587 351
9588 9351
9588 6345
9588 5327
9589 3596
9589 2993
9589 54
9590 16
9590 3048
9590 2256
9591 2903
9591 41
9591 8760
9592 41
9592 8381
9592 696
9593 5005
9593 947
9593 1432
9594 6669
9594 6655
9594 653
9595 42
9595 2332
9595 4671
9596 622
9596 265
9596 4546
9597 1701
9597 379
9597 5845
9598 2949
9598 5166
9598 965
9599 7392
9599 7749
9599 645
9600 670
9600 182
9600 1946
9601 4115
9601 2634
9601 5162
9602 569
9602 2359
9602 108
9603 3207
9603 4934
9603 3035
9604 33
9604 3227
9604 8745
9605 84
9605 7924
9605 907
9606 616
9606 477
9606 72
9607 2
9607 5388
9607 2586
9608 552
9608 7168
9608 4926
9609 1247
9609 7951
9609 3187
9610 454
9610 2
9610 1670
9611 1457
9611 2274
9611 94
9612 283
9612 8437
9612 8
9613 1083
9613 4485
9613 2633
9614 4744
9614 2470
9614 795
9615 78
9615 2948
9615 4770
9616 8979
9616 1180
9616 192
9617 515
9617 5418
9617 9288
9618 9581
9618 5940
9618 578
9619 6650
9619 547
9619 4871
9620 9383
9620 48
9620 2690
9621 4018
9621 2866
9621 3446
9622 6520
9622 5157
9622 2
9623 3668
9623 7653
9623 9127
9624 1035
9624 2030
9624 8
9625 6249
9625 212
9625 1108
9626 9331
9626 2653
9626 15
9627 5011
9627 6245
9627 5801
9628 5459
9628 413
9628 3142
9629 57
9629 608
9629 8394
9630 1575
9630 8048
9630 601
9631 477
9631 7278
9631 328
9632 740
9632 2738
9632 12
9633 367
9633 1339
9633 655
9634 3319
9634 696
9634 3896
9635 2075
9635 6068
9635 3736
9636 7293
9636 1844
9636 468
9637 256
9637 4893
9637 1572
9638 4302
9638 2955
9638 2244
9639 3672
9639 151
9639 788
9640 3139
9640 236
9640 2831
9641 1447
9641 4069
9641 2495
9642 1654
9642 3280
9642 11
9643 5668
9643 185
9643 9236
9644 2037
9644 4939
9644 2626
9645 281
9645 1529
9645 1486
9646 2843
9646 9541
9646 9057
9647 2466
9647 6778
9647 1554
9648 1311
9648 115
9648 4087
9649 771
9649 75
9649 4456
9650 4148
9650 76
9650 7225
9651 6365
9651 4443
9651 417
9652 3016
9652 376
9652 2659
9653 7115
9653 3168
9653 329
9654 20
9654 3915
9654 5377
9655 6460
9655 2932
9655 1796
9656 496
9656 5508
9656 8573
9657 164
9657 943
9657 9480
9658 449
9658 129
9658 5251
9659 4471
9659 553
9659 3689
9660 806
9660 2630
9660 1842
9661 2467
9661 3231
9661 324
9662 864
9662 1621
9662 8416
9663 861
9663 866
9663 3535
9664 1187
9664 3099
9664 5414
9665 265
9665 7258
9665 8088
9666 57
9666 6974
9666 9171
9667 4869
9667 4266
9667 193
9668 8299
9668 28
9668 26
9669 1169
9669 1523
9669 278
9670 8299
9670 1619
9670 5220
9671 1649
9671 7556
9671 236
9672 8460
9672 39
9672 5273
9673 7271
9673 367
9673 7069
9674 7147
9674 2887
9674 3983
9675 9621
9675 547
9675 3121
9676 1995
9676 3012
9676 1987
9677 237
9677 364
9677 8502
9678 3746
9678 9406
9678 2
9679 7691
9679 2309
9679 427
9680 247
9680 7530
9680 2131
9681 967
9681 1315
9681 9109
9682 23
9682 107
9682 2691
9683 984
9683 347
9683 8545
9684 2940
9684 8064
9684 1902
9685 5
9685 7336
9685 2966
9686 9340
9686 1230
9686 5045
9687 8033
9687 326
9687 1103
9688 8824
9688 227
9688 6901
9689 9174
9689 26
9689 2240
9690 1453
9690 2567
9690 1684
9691 6902
9691 1676
9691 9314
9692 2238
9692 9432
9692 7433
9693 4837
9693 9535
9693 6993
9694 5715
9694 8995
9694 111
9695 6501
9695 52
9695 442
9696 7471
9696 7605
9696 593
9697 1871
9697 6735
9697 402
9698 4728
9698 2933
9698 8772
9699 9200
9699 122
9699 6626
9700 1159
9700 7235
9700 2792
9701 600
9701 4787
9701 2869
9702 321
9702 3267
9702 4069
9703 9116
9703 1938
9703 2118
9704 2822
9704 17
9704 6640
9705 423
9705 4592
9705 4069
9706 1220
9706 3312
9706 5942
9707 4830
9707 4318
9707 9545
9708 9076
9708 353
9708 7634
9709 3094
9709 7349
9709 7628
9710 8673
9710 2336
9710 1092
9711 1784
9711 14
9711 3257
9712 6180
9712 7738
9712 9086
9713 138
9713 1709
9713 744
9714 9153
9714 42
9714 4916
9715 4675
9715 115
9715 8267
9716 8473
9716 8764
9716 6340
9717 9177
9717 8520
9717 7322
9718 790
9718 5441
9718 3118
9719 2749
9719 1154
9719 3252
9720 1988
9720 821
9720 235
9721 19
9721 6883
9721 5110
9722 5684
9722 7687
9722 12
9723 96
9723 2980
9723 2936
9724 5247
9724 1719
9724 1020
9725 2914
9725 4843
9725 3691
9726 3004
9726 2041
9726 4697
9727 623
9727 482
9727 1567
9728 2983
9728 4648
9728 251
9729 7
9729 614
9729 806
9730 480
9730 3929
9730 4355
9731 1541
9731 3255
9731 4069
9732 1710
9732 7
9732 352
9733 4811
9733 40
9733 240
9734 9601
9734 6582
9734 1347
9735 8313
9735 3669
9735 20
9736 2187
9736 56
9736 6151
9737 4616
9737 2640
9737 2675
9738 3068
9738 9233
9738 208
9739 76
9739 1901
9739 9480
9740 220
9740 700
9740 9474
9741 1148
9741 712
9741 6387
9742 3168
9742 795
9742 4687
9743 2883
9743 1716
9743 222
9744 69
9744 2
9744 9511
9745 5448
9745 2920
9745 5596
9746 2195
9746 6274
9746 2722
9747 6207
9747 7630
9747 9067
9748 5457
9748 815
9748 4940
9749 7166
9749 2972
9749 58
9750 622
9750 2
9750 6827
9751 192
9751 2845
9751 402
9752 3905
9752 2
9752 1150
9753 9361
9753 8703
9753 2006
9754 4544
9754 3703
9754 3581
9755 3404
9755 6
9755 14
9756 7348
9756 565
9756 7713
9757 16
9757 2474
9757 9314
9758 5101
9758 7714
9758 7802
9759 31
9759 150
9759 1746
9760 6782
9760 7546
9760 2831
9761 7015
9761 6046
9761 3483
9762 617
9762 256
9762 122
9763 8652
9763 3645
9763 377
9764 103
9764 9544
9764 494
9765 8647
9765 7066
9765 446
9766 358
9766 6652
9766 2623
9767 1319
9767 947
9767 2838
9768 9585
9768 9361
9768 2113
9769 1714
9769 74
9769 8142
9770 3783
9770 5886
9770 508
9771 8545
9771 6681
9771 4091
9772 2858
9772 8430
9772 2730
9773 236
9773 6927
9773 2445
9774 5152
9774 6245
9774 9661
9775 7785
9775 4440
9775 4
9776 982
9776 115
9776 78
9777 696
9777 1686
9777 3511
9778 7670
9778 1423
9778 7628
9779 405
9779 1050
9779 2866
9780 645
9780 20
9780 9049
9781 1542
9781 7513
9781 426
9782 1238
9782 1614
9782 858
9783 8485
9783 326
9783 978
9784 186
9784 2998
9784 3420
9785 6220
9785 1125
9785 6637
9786 289
9786 3643
9786 9326
9787 421
9787 5720
9787 4630
9788 9540
9788 2573
9788 8387
9789 340
9789 5064
9789 4589
9790 647
9790 6647
9790 562
9791 244
9791 3328
9791 3034
9792 271
9792 4245
9792 6716
9793 10
9793 998
9793 185
9794 1388
9794 1411
9794 4983
9795 3716
9795 2
9795 17
9796 7
9796 8228
9796 68
9797 6976
9797 5551
9797 6786
9798 1835
9798 1291
9798 7739
9799 1421
9799 2401
9799 1955
9800 80
9800 3024
9800 125
9801 5991
9801 464
9801 8954
9802 5098
9802 4675
9802 2503
9803 307
9803 1580
9803 4905
9804 7380
9804 6
9804 1208
9805 8286
9805 574
9805 4933
9806 1280
9806 7960
9806 2645
9807 1364
9807 482
9807 930
9808 7785
9808 4484
9808 5953
9809 219
9809 9297
9809 1940
9810 3191
9810 2774
9810 2470
9811 1519
9811 1968
9811 1324
9812 2452
9812 559
9812 1201
9813 210
9813 396
9813 6227
9814 10
9814 470
9814 9511
9815 3315
9815 459
9815 3312
9816 217
9816 42
9816 80
9817 1576
9817 1608
9817 4156
9818 623
9818 4360
9818 3713
9819 5046
9819 3604
9819 7829
9820 3699
9820 7092
9820 3741
9821 3904
9821 189
9821 206
9822 5671
9822 30
9822 163
9823 3347
9823 373
9823 990
9824 8435
9824 2362
9824 2579
9825 161
9825 2499
9825 2216
9826 1168
9826 1332
9826 6868
9827 6469
9827 348
9827 1808
9828 1452
9828 4408
9828 430
9829 408
9829 8162
9829 5312
9830 3700
9830 24
9830 3573
9831 3261
9831 2155
9831 2822
9832 535
9832 5115
9832 4858
9833 321
9833 1121
9833 204
9834 3944
9834 83
9834 599
9835 9813
9835 6351
9835 1457
9836 610
9836 1544
9836 16
9837 5
9837 2062
9837 275
9838 6112
9838 572
9838 1073
9839 6121
9839 3232
9839 146
9840 5249
9840 9512
9840 574
9841 8893
9841 4659
9841 774
9842 5771
9842 2895
9842 8413
9843 576
9843 1352
9843 4
9844 1121
9844 6448
9844 33
9845 366
9845 7064
9845 1626
9846 51
9846 787
9846 882
9847 2210
9847 1804
9847 72
9848 7318
9848 2773
9848 4483
9849 9085
9849 6172
9849 591
9850 232
9850 817
9850 4222
9851 536
9851 9171
9851 5125
9852 354
9852 8710
9852 6285
9853 6552
9853 487
9853 3495
9854 1669
9854 1789
9854 9396
9855 62
9855 7385
9855 42
9856 8324
9856 7278
9856 12
9857 61
9857 3538
9857 56
9858 452
9858 1228
9858 1451
9859 6475
9859 55
9859 41
9860 3063
9860 3929
9860 1563
9861 2337
9861 258
9861 160
9862 691
9862 1954
9862 258
9863 5888
9863 7286
9863 3
9864 2653
9864 987
9864 5531
9865 12
9865 4916
9865 3917
9866 1501
9866 5508
9866 9388
9867 5421
9867 50
9867 56
9868 5943
9868 1642
9868 816
9869 352
9869 433
9869 3219
9870 8072
9870 3939
9870 4264
9871 3647
9871 322
9871 5143
9872 1045
9872 414
9872 4989
9873 9290
9873 5675
9873 443
9874 2833
9874 3194
9874 1431
9875 386
9875 1133
9875 1335
9876 3034
9876 524
9876 8932
9877 5180
9877 327
9877 187
9878 3061
9878 6448
9878 1392
9879 2816
9879 7670
9879 703
9880 8421
9880 3496
9880 4128
9881 1998
9881 4892
9881 3524
9882 245
9882 41
9882 5032
9883 548
9883 9
9883 8763
9884 5112
9884 7550
9884 1060
9885 2350
9885 2570
9885 3080
9886 3125
9886 9010
9886 395
9887 328
9887 7287
9887 5985
9888 3
9888 6208
9888 524
9889 6090
9889 3264
9889 7805
9890 3648
9890 1353
9890 1048
9891 7035
9891 2315
9891 7103
9892 4901
9892 6858
9892 625
9893 219
9893 1770
9893 4209
9894 2045
9894 365
9894 4809
9895 547
9895 9382
9895 42
9896 367
9896 953
9896 3602
9897 7527
9897 7269
9897 2564
9898 20
9898 6983
9898 80
9899 11
9899 693
9899 1125
9900 1757
9900 9114
9900 9883
9901 194
9901 6217
9901 325
9902 7615
9902 711
9902 4360
9903 443
9903 8647
9903 1600
9904 3184
9904 1479
9904 4576
9905 3040
9905 2312
9905 9167
9906 947
9906 101
9906 8932
9907 3534
9907 7303
9907 3893
9908 1807
9908 2079
9908 20
9909 4630
9909 9681
9909 3612
9910 1203
9910 3146
9910 15
9911 6587
9911 3996
9911 97
9912 3330
9912 383
9912 1247
9913 211
9913 4939
9913 330
9914 5932
9914 5457
9914 5913
9915 2006
9915 6974
9915 207
9916 4515
9916 1002
9916 1972
9917 2
9917 1105
9917 921
9918 6817
9918 4401
9918 669
9919 321
9919 3050
9919 271
9920 687
9920 829
9920 1807
9921 8431
9921 4502
9921 285
9922 1386
9922 1281
9922 5549
9923 988
9923 3695
9923 203
9924 412
9924 649
9924 2229
9925 7904
9925 4284
9925 3849
9926 6883
9926 606
9926 5445
9927 2792
9927 2231
9927 1158
9928 2781
9928 6151
9928 5851
9929 6262
9929 2188
9929 818
9930 3044
9930 647
9930 5691
9931 25
9931 330
9931 1585
9932 1758
9932 8267
9932 7754
9933 2034
9933 1784
9933 4392
9934 131
9934 2126
9934 3381
9935 2466
9935 1927
9935 4801
9936 2669
9936 5473
9936 3860
9937 515
9937 588
9937 3829
9938 8292
9938 840
9938 3997
9939 1743
9939 6859
9939 5076
9940 5691
9940 6587
9940 3469
9941 4685
9941 4802
9941 4641
9942 2493
9942 9
9942 9498
9943 4095
9943 6724
9943 41
9944 583
9944 1126
9944 7775
9945 819
9945 21
9945 87
9946 1564
9946 716
9946 9184
9947 1240
9947 8927
9947 2
9948 9357
9948 742
9948 2107
9949 505
9949 5021
9949 2722
9950 829
9950 469
9950 5926
9951 17
9951 5124
9951 1384
9952 3754
9952 9350
9952 746
9953 5488
9953 171
9953 249
9954 4176
9954 539
9954 1263
9955 6780
9955 3931
9955 8146
9956 403
9956 1081
9956 9159
9957 1693
9957 112
9957 1909
9958 1256
9958 5231
9958 1404
9959 553
9959 1782
9959 149
9960 4990
9960 6258
9960 1822
9961 4693
9961 6240
9961 8751
9962 3834
9962 6948
9962 1879
9963 6515
9963 1301
9963 1737
9964 1136
9964 6123
9964 2105
9965 832
9965 6564
9965 3121
9966 206
9966 460
9966 734
9967 2048
9967 4257
9967 1507
9968 3826
9968 1553
9968 3432
9969 7873
9969 2549
9969 12
9970 5090
9970 4490
9970 225
9971 1816
9971 2439
9971 2532
9972 1156
9972 3458
9972 4197
9973 481
9973 5971
9973 162
9974 6159
9974 997
9974 666
9975 2720
9975 7387
9975 1274
9976 6438
9976 3463
9976 1914
9977 4174
9977 2433
9977 4570
9978 2956
9978 3125
9978 2477
9979 7911
9979 6281
9979 897
9980 2403
9980 2246
9980 848
9981 7728
9981 8478
9981 7307
9982 2586
9982 2317
9982 204
9983 75
9983 1660
9983 6
9984 75
9984 729
9984 4706
9985 47
9985 9668
9985 6482
9986 2694
9986 20
9986 1186
9987 3123
9987 4790
9987 6154
9988 1669
9988 562
9988 8867
9989 8547
9989 1483
9989 333
9990 4009
9990 3002
9990 1815
9991 412
9991 618
9991 5966
9992 8317
9992 362
9992 839
9993 8899
9993 6509
9993 3134
9994 1783
9994 4250
9994 3
9995 4515
9995 322
9995 1844
9996 1519
9996 2030
9996 285
9997 5328
9997 1189
9997 1077
9998 7860
9998 9572
9998 6236
9999 486
9999 1
9999 3141
